{"properties":{"connectionReferences":{"shared_sendmail":{"runtimeSource":"invoker","connection":{},"api":{"name":"shared_sendmail"}}},"definition":{"$schema":"https://schema.management.azure.com/providers/Microsoft.Logic/schemas/2016-06-01/workflowdefinition.json#","contentVersion":"1.0.0.0","parameters":{"$connections":{"defaultValue":{},"type":"Object"},"$authentication":{"defaultValue":{},"type":"SecureObject"}},"triggers":{"manual":{"type":"Request","kind":"Button","inputs":{"schema":{"type":"object","properties":{},"required":[]}}}},"actions":{"Send_an_email_notification_(V3)":{"runAfter":{},"type":"OpenApiConnection","inputs":{"host":{"connectionName":"shared_sendmail","operationId":"SendEmailV3","apiId":"/providers/Microsoft.PowerApps/apis/shared_sendmail"},"parameters":{"request/to":"thomas@hrfieldservice.onmicrosoft.com","request/subject":"test","request/text":"<p>test</p>"},"authentication":{"type":"Raw","value":"@json(decodeBase64(triggerOutputs().headers['X-MS-APIM-Tokens']))['$ConnectionKey']"}}}},"outputs":{}}},"schemaVersion":"1.0.0.0"}