{"properties":{"connectionReferences":{"shared_commondataserviceforapps":{"runtimeSource":"embedded","connection":{},"api":{"name":"shared_commondataserviceforapps"}},"shared_sendmail":{"runtimeSource":"embedded","connection":{},"api":{"name":"shared_sendmail"}},"shared_office365":{"runtimeSource":"embedded","connection":{},"api":{"name":"shared_office365"}}},"definition":{"$schema":"https://schema.management.azure.com/providers/Microsoft.Logic/schemas/2016-06-01/workflowdefinition.json#","contentVersion":"1.0.0.0","parameters":{"$connections":{"defaultValue":{},"type":"Object"},"$authentication":{"defaultValue":{},"type":"SecureObject"}},"triggers":{"Email_Incomming":{"type":"OpenApiConnectionWebhook","inputs":{"host":{"connectionName":"shared_commondataserviceforapps","operationId":"SubscribeWebhookTrigger","apiId":"/providers/Microsoft.PowerApps/apis/shared_commondataserviceforapps"},"parameters":{"subscriptionRequest/message":1,"subscriptionRequest/entityname":"email","subscriptionRequest/scope":4,"subscriptionRequest/filterexpression":"directioncode eq false"},"authentication":"@parameters('$authentication')"}}},"actions":{"IF_Regarding_equals_Case":{"actions":{"Get_regarding_CASE":{"runAfter":{},"type":"OpenApiConnection","inputs":{"host":{"connectionName":"shared_commondataserviceforapps","operationId":"GetItem","apiId":"/providers/Microsoft.PowerApps/apis/shared_commondataserviceforapps"},"parameters":{"entityName":"incidents","recordId":"@triggerOutputs()?['body/_regardingobjectid_value']"},"authentication":"@parameters('$authentication')"}},"Condition":{"actions":{"Get_Owning_User":{"runAfter":{},"type":"OpenApiConnection","inputs":{"host":{"connectionName":"shared_commondataserviceforapps","operationId":"GetItem","apiId":"/providers/Microsoft.PowerApps/apis/shared_commondataserviceforapps"},"parameters":{"entityName":"systemusers","recordId":"@outputs('Get_regarding_CASE')?['body/_ownerid_value']"},"authentication":"@parameters('$authentication')"}},"IF_Case_is_Active":{"actions":{"Send_an_email_notification_(V3)":{"runAfter":{"Send_an_email_(V2)":["Succeeded"]},"type":"OpenApiConnection","inputs":{"host":{"connectionName":"shared_sendmail","operationId":"SendEmailV3","apiId":"/providers/Microsoft.PowerApps/apis/shared_sendmail"},"parameters":{"request/to":"@outputs('Get_Owning_User')?['body/internalemailaddress']","request/subject":"New email on CASE ","request/text":"<p>Login to CRM to see updates on: @{outputs('Get_regarding_CASE')?['body/ticketnumber']}</p>"},"authentication":"@parameters('$authentication')"}},"Case_Update_Last_Activity":{"runAfter":{},"type":"OpenApiConnection","inputs":{"host":{"connectionName":"shared_commondataserviceforapps","operationId":"UpdateRecord","apiId":"/providers/Microsoft.PowerApps/apis/shared_commondataserviceforapps"},"parameters":{"entityName":"incidents","recordId":"@outputs('Get_regarding_CASE')?['body/incidentid']","item/cs_lastactivitydate":"@utcNow()"},"authentication":"@parameters('$authentication')"}},"Send_an_email_(V2)":{"runAfter":{"Case_Update_Last_Activity":["Succeeded"]},"type":"OpenApiConnection","inputs":{"host":{"connectionName":"shared_office365","operationId":"SendEmailV2","apiId":"/providers/Microsoft.PowerApps/apis/shared_office365"},"parameters":{"emailMessage/To":"thomas@hrfieldservice.onmicrosoft.com","emailMessage/Subject":"New email on @{outputs('Get_regarding_CASE')?['body/ticketnumber']}","emailMessage/Body":"<p>Open CRM and see the updates on @{outputs('Get_regarding_CASE')?['body/ticketnumber']}</p>"},"authentication":"@parameters('$authentication')"}}},"runAfter":{"Get_Owning_User":["Succeeded"]},"else":{"actions":{"Case_Update_Last_Activity_2":{"runAfter":{},"type":"OpenApiConnection","inputs":{"host":{"connectionName":"shared_commondataserviceforapps","operationId":"UpdateRecord","apiId":"/providers/Microsoft.PowerApps/apis/shared_commondataserviceforapps"},"parameters":{"entityName":"incidents","recordId":"@outputs('Get_regarding_CASE')?['body/incidentid']","item/cs_lastactivitydate":"@utcNow()","item/statecode":0,"item/statuscode":1},"authentication":"@parameters('$authentication')"}},"Send_an_email_notification_(V3)_2":{"runAfter":{"Case_Update_Last_Activity_2":["Succeeded"]},"type":"OpenApiConnection","inputs":{"host":{"connectionName":"shared_sendmail","operationId":"SendEmailV3","apiId":"/providers/Microsoft.PowerApps/apis/shared_sendmail"},"parameters":{"request/to":"@{outputs('Get_Owning_User')?['body/internalemailaddress']};","request/subject":"New email on CLOSED case","request/text":"<p>Archived Case has been reactivated because of new activity<br>\n@{outputs('Get_regarding_CASE')?['body/ticketnumber']}</p>"},"authentication":"@parameters('$authentication')"}}}},"expression":{"equals":["@outputs('Get_regarding_CASE')?['body/statecode']",0]},"type":"If"}},"runAfter":{"Get_regarding_CASE":["Succeeded"]},"else":{"actions":{"Terminate_2":{"runAfter":{},"type":"Terminate","inputs":{"runStatus":"Succeeded"}}}},"expression":{"equals":["@outputs('Get_regarding_CASE')?['body/_ownerid_value@Microsoft.Dynamics.CRM.lookuplogicalname']","systemuser"]},"type":"If"}},"runAfter":{},"else":{"actions":{"Terminate":{"runAfter":{},"type":"Terminate","inputs":{"runStatus":"Succeeded"}}}},"expression":{"and":[{"equals":["@triggerOutputs()?['body/_regardingobjectid_type']","incidents"]},{"equals":["",""]}]},"type":"If"}},"outputs":{}}},"schemaVersion":"1.0.0.0"}