{"properties":{"connectionReferences":{"shared_commondataserviceforapps":{"impersonation":{"source":"invoker"},"runtimeSource":"embedded","connection":{"connectionReferenceLogicalName":"new_sharedcommondataserviceforapps_8c831"},"api":{"name":"shared_commondataserviceforapps"}}},"definition":{"$schema":"https://schema.management.azure.com/providers/Microsoft.Logic/schemas/2016-06-01/workflowdefinition.json#","contentVersion":"1.0.0.0","parameters":{"$connections":{"defaultValue":{},"type":"Object"},"$authentication":{"defaultValue":{},"type":"SecureObject"}},"triggers":{"When the incoming activity triggers the flow (don't edit or delete this step)":{"metadata":{"operationMetadataId":"885d09a7-6e1d-47b8-b7d3-38dbfc532d6d"},"type":"OpenApiConnectionWebhook","inputs":{"host":{"connectionName":"shared_commondataserviceforapps","operationId":"SubscribeWebhookTrigger","apiId":"/providers/Microsoft.PowerApps/apis/shared_commondataserviceforapps"},"parameters":{"subscriptionRequest/message":3,"subscriptionRequest/entityname":"email","subscriptionRequest/scope":4,"subscriptionRequest/filteringattributes":"importsequencenumber","subscriptionRequest/runas":1},"authentication":"@parameters('$authentication')"}}},"actions":{"Identify email sender":{"runAfter":{},"metadata":{"operationMetadataId":"967641b1-f844-4370-b757-0c9a88920fca"},"type":"InitializeVariable","inputs":{"variables":[{"name":"Customer from email sender","type":"String"}]}},"Is this email sender a contact or an account":{"actions":{"Is_email_sender_a_contact":{"actions":{"Retrieve_sender_contact":{"runAfter":{},"metadata":{"operationMetadataId":"84b8d2c7-7c37-4bca-8d54-803dbd5682d3"},"type":"OpenApiConnection","inputs":{"host":{"connectionName":"shared_commondataserviceforapps","operationId":"GetItem","apiId":"/providers/Microsoft.PowerApps/apis/shared_commondataserviceforapps"},"parameters":{"entityName":"contacts","recordId":"@triggerOutputs()?['body/_emailsender_value']"},"authentication":"@parameters('$authentication')"}},"Set_parent_customer_of_sender_as_customer":{"runAfter":{"Retrieve_sender_contact":["Succeeded"]},"metadata":{"operationMetadataId":"bccfb4ef-04dc-4251-9f65-d7b05f61135f"},"type":"SetVariable","inputs":{"name":"Customer from email sender","value":"@{if(equals(outputs('Retrieve_sender_contact')?['body/_parentcustomerid_value@Microsoft.Dynamics.CRM.lookuplogicalname'],'account'),concat('accounts(',outputs('Retrieve_sender_contact')?['body/_parentcustomerid_value'],')'),outputs('Retrieve_sender_contact')?['body/@odata.id'])}"}}},"runAfter":{},"else":{"actions":{"Set_account_as_customer":{"runAfter":{},"metadata":{"operationMetadataId":"6004fd7e-d4ab-4a74-9cee-8daf0b0542a7"},"type":"SetVariable","inputs":{"name":"Customer from email sender","value":"@{concat('accounts(',triggerOutputs()?['body/_emailsender_value'], ')')}"}}}},"expression":{"equals":["@triggerOutputs()?['body/_emailsender_type']","contacts"]},"metadata":{"operationMetadataId":"4614349d-a822-4b1d-a165-9485cb77077f"},"type":"If"}},"runAfter":{"Identify email sender":["Succeeded"]},"else":{"actions":{"Terminate_when_no_valid_customer_found":{"runAfter":{},"metadata":{"operationMetadataId":"728445e2-7ea9-45f6-8f32-aa7131867690"},"type":"Terminate","inputs":{"runStatus":"Cancelled"}}}},"expression":{"or":[{"equals":["@triggerOutputs()?['body/_emailsender_type']","contacts"]},{"equals":["@triggerOutputs()?['body/_emailsender_type']","accounts"]}]},"metadata":{"operationMetadataId":"b5214513-0bc6-4f2d-b033-b4eed0b1dfd9"},"type":"If"},"Create a record (don't rename this step)":{"runAfter":{"Is this email sender a contact or an account":["Succeeded"]},"metadata":{"operationMetadataId":"d622eba6-69e1-453e-9259-84df95727eab"},"type":"OpenApiConnection","inputs":{"host":{"connectionName":"shared_commondataserviceforapps","operationId":"CreateRecord","apiId":"/providers/Microsoft.PowerApps/apis/shared_commondataserviceforapps"},"parameters":{"entityName":"incidents","item/title":"@triggerOutputs()?['body/subject']","item/customerid_account@odata.bind":"@{if(startsWith(variables('Customer from email sender'),'accounts'),variables('Customer from email sender'),string(''))}","item/customerid_contact@odata.bind":"@{if(contains(variables('Customer from email sender'),'contacts'),variables('Customer from email sender'),string(''))}","item/primarycontactid@odata.bind":"@{if(contains(variables('Customer from email sender'),triggerOutputs()?['body/_emailsender_value']),string(''),concat('contacts(',triggerOutputs()?['body/_emailsender_value'], ')'))}","item/caseorigincode":2},"authentication":"@parameters('$authentication')"}},"Connect the record to the incoming activity (don't edit or delete this step)":{"runAfter":{"Create a record (don't rename this step)":["Succeeded"]},"metadata":{"operationMetadataId":"2d030e85-5436-46fb-a7d2-7e7bfa0eb837"},"type":"OpenApiConnection","inputs":{"host":{"connectionName":"shared_commondataserviceforapps","operationId":"PerformUnboundAction","apiId":"/providers/Microsoft.PowerApps/apis/shared_commondataserviceforapps"},"parameters":{"actionName":"msdyn_ExecutePrimaryCreatePostActions","item/SourceEntityReference":"@{concat('emails(',triggerOutputs()?['body/activityid'], ')')}","item/PrimaryEntityReference":"@outputs('Create a record (don''t rename this step)')?['body/@odata.editLink']","item/RuleId":"6b590501-f06c-ec11-8943-6045bd8ce9c2"},"authentication":"@parameters('$authentication')"}}}}},"schemaVersion":"1.0.0.0"}