<ImportExportXml version="9.2.22055.192" SolutionPackageVersion="9.2" languagecode="1033" generatedBy="CrmLive" xmlns:xsi="http://www.w3.org/2001/XMLSchema-instance">
  <SolutionManifest>
    <UniqueName>CustomerServiceCS</UniqueName>
    <LocalizedNames>
      <LocalizedName description="Customer Service - CS" languagecode="1033" />
    </LocalizedNames>
    <Descriptions />
    <Version>1.0.0.19</Version>
    <Managed>0</Managed>
    <Publisher>
      <UniqueName>customerservice</UniqueName>
      <LocalizedNames>
        <LocalizedName description="Customer Service" languagecode="1033" />
      </LocalizedNames>
      <Descriptions />
      <EMailAddress xsi:nil="true"></EMailAddress>
      <SupportingWebsiteUrl xsi:nil="true"></SupportingWebsiteUrl>
      <CustomizationPrefix>cs</CustomizationPrefix>
      <CustomizationOptionValuePrefix>71764</CustomizationOptionValuePrefix>
      <Addresses>
        <Address>
          <AddressNumber>1</AddressNumber>
          <AddressTypeCode>1</AddressTypeCode>
          <City xsi:nil="true"></City>
          <County xsi:nil="true"></County>
          <Country xsi:nil="true"></Country>
          <Fax xsi:nil="true"></Fax>
          <FreightTermsCode xsi:nil="true"></FreightTermsCode>
          <ImportSequenceNumber xsi:nil="true"></ImportSequenceNumber>
          <Latitude xsi:nil="true"></Latitude>
          <Line1 xsi:nil="true"></Line1>
          <Line2 xsi:nil="true"></Line2>
          <Line3 xsi:nil="true"></Line3>
          <Longitude xsi:nil="true"></Longitude>
          <Name xsi:nil="true"></Name>
          <PostalCode xsi:nil="true"></PostalCode>
          <PostOfficeBox xsi:nil="true"></PostOfficeBox>
          <PrimaryContactName xsi:nil="true"></PrimaryContactName>
          <ShippingMethodCode>1</ShippingMethodCode>
          <StateOrProvince xsi:nil="true"></StateOrProvince>
          <Telephone1 xsi:nil="true"></Telephone1>
          <Telephone2 xsi:nil="true"></Telephone2>
          <Telephone3 xsi:nil="true"></Telephone3>
          <TimeZoneRuleVersionNumber xsi:nil="true"></TimeZoneRuleVersionNumber>
          <UPSZone xsi:nil="true"></UPSZone>
          <UTCOffset xsi:nil="true"></UTCOffset>
          <UTCConversionTimeZoneCode xsi:nil="true"></UTCConversionTimeZoneCode>
        </Address>
        <Address>
          <AddressNumber>2</AddressNumber>
          <AddressTypeCode>1</AddressTypeCode>
          <City xsi:nil="true"></City>
          <County xsi:nil="true"></County>
          <Country xsi:nil="true"></Country>
          <Fax xsi:nil="true"></Fax>
          <FreightTermsCode xsi:nil="true"></FreightTermsCode>
          <ImportSequenceNumber xsi:nil="true"></ImportSequenceNumber>
          <Latitude xsi:nil="true"></Latitude>
          <Line1 xsi:nil="true"></Line1>
          <Line2 xsi:nil="true"></Line2>
          <Line3 xsi:nil="true"></Line3>
          <Longitude xsi:nil="true"></Longitude>
          <Name xsi:nil="true"></Name>
          <PostalCode xsi:nil="true"></PostalCode>
          <PostOfficeBox xsi:nil="true"></PostOfficeBox>
          <PrimaryContactName xsi:nil="true"></PrimaryContactName>
          <ShippingMethodCode>1</ShippingMethodCode>
          <StateOrProvince xsi:nil="true"></StateOrProvince>
          <Telephone1 xsi:nil="true"></Telephone1>
          <Telephone2 xsi:nil="true"></Telephone2>
          <Telephone3 xsi:nil="true"></Telephone3>
          <TimeZoneRuleVersionNumber xsi:nil="true"></TimeZoneRuleVersionNumber>
          <UPSZone xsi:nil="true"></UPSZone>
          <UTCOffset xsi:nil="true"></UTCOffset>
          <UTCConversionTimeZoneCode xsi:nil="true"></UTCConversionTimeZoneCode>
        </Address>
      </Addresses>
    </Publisher>
    <RootComponents>
      <RootComponent type="1" schemaName="account" behavior="1" />
      <RootComponent type="1" schemaName="contact" behavior="1" />
      <RootComponent type="1" schemaName="cs_signature" behavior="0" />
      <RootComponent type="1" schemaName="email" behavior="2" />
      <RootComponent type="1" schemaName="incident" behavior="1" />
      <RootComponent type="1" schemaName="systemuser" behavior="1" />
      <RootComponent type="20" id="{7b93b05e-ffc8-ea11-a812-000d3a2c81cd}" behavior="0" />
      <RootComponent type="29" id="{0f40aee5-f06c-ec11-8943-6045bd8ce9c2}" behavior="0" />
      <RootComponent type="29" id="{344264db-e4d0-ea11-a812-000d3a2c81cd}" behavior="0" />
      <RootComponent type="36" id="{56b1bb6b-f06c-ec11-8943-6045bd8ce9c2}" behavior="0" />
      <RootComponent type="60" id="{ec1a1862-6181-4fef-996f-53b43b3176b3}" behavior="0" />
      <RootComponent type="61" schemaName="cs_Case" behavior="0" />
      <RootComponent type="61" schemaName="cs_Email" behavior="0" />
      <RootComponent type="62" schemaName="cs_CustomerService" behavior="0" />
      <RootComponent type="80" schemaName="cs_CustomerService" behavior="0" />
      <RootComponent type="154" id="{6b590501-f06c-ec11-8943-6045bd8ce9c2}" behavior="0" />
    </RootComponents>
    <MissingDependencies>
      <MissingDependency>
        <Required type="1" schemaName="incident" displayName="Case" solution="msdynce_Service (9.0.5.56)">
          <package>msdynce_ServiceAnchor (9.0.22055.1012)</package>
        </Required>
        <Dependent type="1" schemaName="incident" displayName="Case" />
      </MissingDependency>
      <MissingDependency>
        <Required type="1" schemaName="knowledgearticleincident" displayName="Knowledge Article Incident" solution="msdynce_Service (9.0.5.56)">
          <package>msdynce_ServiceAnchor (9.0.22055.1012)</package>
        </Required>
        <Dependent type="60" displayName="Case Main - CS" parentDisplayName="Case" id="{62a1884a-cfd4-4472-bc47-053aa1080da7}" />
      </MissingDependency>
      <MissingDependency>
        <Required type="1" schemaName="opportunity" displayName="Opportunity" solution="msdynce_Sales (9.0.4.0076)">
          <package>msdynce_SalesAnchor (9.0.22061.10002)</package>
        </Required>
        <Dependent type="60" displayName="Account Main - CS" parentDisplayName="Account" id="{5cbdb034-141b-444a-9390-0ae80e4510ff}" />
      </MissingDependency>
      <MissingDependency>
        <Required type="1" schemaName="opportunity" displayName="Opportunity" solution="msdynce_Sales (9.0.4.0076)">
          <package>msdynce_SalesAnchor (9.0.22061.10002)</package>
        </Required>
        <Dependent type="60" displayName="Contact Main - CS" parentDisplayName="Contact" id="{5e5c217e-0731-4b0e-8dd0-89bb98eda36f}" />
      </MissingDependency>
      <MissingDependency>
        <Required type="10" schemaName="msdyn_msdyn_iotalert_incident_IoTAlert" displayName="msdyn_msdyn_iotalert_incident_IoTAlert" parentSchemaName="msdyn_iotalert" parentDisplayName="IoT Alert" solution="msdyn_ConnectedCustomerService (9.0.20115.1027)">
          <package>msdynce_ServiceAnchor (9.0.22055.1012)</package>
        </Required>
        <Dependent type="60" displayName="Case Main - CS" parentDisplayName="Case" id="{62a1884a-cfd4-4472-bc47-053aa1080da7}" />
      </MissingDependency>
      <MissingDependency>
        <Required type="2" schemaName="originatingleadid" displayName="Originating Lead" parentSchemaName="account" parentDisplayName="Account" solution="msdynce_LeadManagement (9.0.4.0066)">
          <package>msdynce_LeadManagementAnchor (9.0.22061.10001)</package>
        </Required>
        <Dependent type="60" displayName="Account Main - CS" parentDisplayName="Account" id="{5cbdb034-141b-444a-9390-0ae80e4510ff}" />
      </MissingDependency>
      <MissingDependency>
        <Required type="2" schemaName="originatingleadid" displayName="Originating Lead" parentSchemaName="contact" parentDisplayName="Contact" solution="msdynce_LeadManagement (9.0.4.0066)">
          <package>msdynce_LeadManagementAnchor (9.0.22061.10001)</package>
        </Required>
        <Dependent type="60" displayName="Contact Main - CS" parentDisplayName="Contact" id="{5e5c217e-0731-4b0e-8dd0-89bb98eda36f}" />
      </MissingDependency>
      <MissingDependency>
        <Required type="2" schemaName="blockedprofile" displayName="Blocked Profile" parentSchemaName="incident" parentDisplayName="Case" solution="msdynce_Service (9.0.5.56)">
          <package>msdynce_ServiceAnchor (9.0.22055.1012)</package>
        </Required>
        <Dependent type="60" displayName="Case Main - CS" parentDisplayName="Case" id="{62a1884a-cfd4-4472-bc47-053aa1080da7}" />
      </MissingDependency>
      <MissingDependency>
        <Required type="2" schemaName="caseorigincode" displayName="Origin" parentSchemaName="incident" parentDisplayName="Case" solution="msdynce_Service (9.0.5.56)">
          <package>msdynce_ServiceAnchor (9.0.22055.1012)</package>
        </Required>
        <Dependent type="26" schemaName="My Active Cases - CS" displayName="My Active Cases - CS" parentSchemaName="incident" parentDisplayName="Case" id="{34646c7b-4fc9-ea11-a812-000d3a2c81cd}" />
      </MissingDependency>
      <MissingDependency>
        <Required type="2" schemaName="caseorigincode" displayName="Origin" parentSchemaName="incident" parentDisplayName="Case" solution="msdynce_Service (9.0.5.56)">
          <package>msdynce_ServiceAnchor (9.0.22055.1012)</package>
        </Required>
        <Dependent type="26" schemaName="Active Cases Team - CS" displayName="Active Cases Team - CS" parentSchemaName="incident" parentDisplayName="Case" id="{44c6b675-16c9-ea11-a812-000d3a2c81cd}" />
      </MissingDependency>
      <MissingDependency>
        <Required type="2" schemaName="caseorigincode" displayName="Origin" parentSchemaName="incident" parentDisplayName="Case" solution="msdynce_Service (9.0.5.56)">
          <package>msdynce_ServiceAnchor (9.0.22055.1012)</package>
        </Required>
        <Dependent type="26" schemaName="Active Cases - CS" displayName="Active Cases - CS" parentSchemaName="incident" parentDisplayName="Case" id="{781d35d2-16c9-ea11-a812-000d3a2c81cd}" />
      </MissingDependency>
      <MissingDependency>
        <Required type="2" schemaName="caseorigincode" displayName="Origin" parentSchemaName="incident" parentDisplayName="Case" solution="msdynce_Service (9.0.5.56)">
          <package>msdynce_ServiceAnchor (9.0.22055.1012)</package>
        </Required>
        <Dependent type="60" displayName="Case Main - CS" parentDisplayName="Case" id="{62a1884a-cfd4-4472-bc47-053aa1080da7}" />
      </MissingDependency>
      <MissingDependency>
        <Required type="2" schemaName="casetypecode" displayName="Case Type" parentSchemaName="incident" parentDisplayName="Case" solution="msdynce_Service (9.0.5.56)">
          <package>msdynce_ServiceAnchor (9.0.22055.1012)</package>
        </Required>
        <Dependent type="60" displayName="Case Main - CS" parentDisplayName="Case" id="{62a1884a-cfd4-4472-bc47-053aa1080da7}" />
      </MissingDependency>
      <MissingDependency>
        <Required type="2" schemaName="createdon" displayName="Created On" parentSchemaName="incident" parentDisplayName="Case" solution="msdynce_Service (9.0.5.56)">
          <package>msdynce_ServiceAnchor (9.0.22055.1012)</package>
        </Required>
        <Dependent type="26" schemaName="My Active Cases - CS" displayName="My Active Cases - CS" parentSchemaName="incident" parentDisplayName="Case" id="{34646c7b-4fc9-ea11-a812-000d3a2c81cd}" />
      </MissingDependency>
      <MissingDependency>
        <Required type="2" schemaName="createdon" displayName="Created On" parentSchemaName="incident" parentDisplayName="Case" solution="msdynce_Service (9.0.5.56)">
          <package>msdynce_ServiceAnchor (9.0.22055.1012)</package>
        </Required>
        <Dependent type="26" schemaName="Active Cases Team - CS" displayName="Active Cases Team - CS" parentSchemaName="incident" parentDisplayName="Case" id="{44c6b675-16c9-ea11-a812-000d3a2c81cd}" />
      </MissingDependency>
      <MissingDependency>
        <Required type="2" schemaName="createdon" displayName="Created On" parentSchemaName="incident" parentDisplayName="Case" solution="msdynce_Service (9.0.5.56)">
          <package>msdynce_ServiceAnchor (9.0.22055.1012)</package>
        </Required>
        <Dependent type="26" schemaName="Active Cases - CS" displayName="Active Cases - CS" parentSchemaName="incident" parentDisplayName="Case" id="{781d35d2-16c9-ea11-a812-000d3a2c81cd}" />
      </MissingDependency>
      <MissingDependency>
        <Required type="2" schemaName="createdon" displayName="Created On" parentSchemaName="incident" parentDisplayName="Case" solution="msdynce_Service (9.0.5.56)">
          <package>msdynce_ServiceAnchor (9.0.22055.1012)</package>
        </Required>
        <Dependent type="60" displayName="Case Main - CS" parentDisplayName="Case" id="{62a1884a-cfd4-4472-bc47-053aa1080da7}" />
      </MissingDependency>
      <MissingDependency>
        <Required type="2" schemaName="customerid" displayName="Customer" parentSchemaName="incident" parentDisplayName="Case" solution="msdynce_Service (9.0.5.56)">
          <package>msdynce_ServiceAnchor (9.0.22055.1012)</package>
        </Required>
        <Dependent type="26" schemaName="My Active Cases - CS" displayName="My Active Cases - CS" parentSchemaName="incident" parentDisplayName="Case" id="{34646c7b-4fc9-ea11-a812-000d3a2c81cd}" />
      </MissingDependency>
      <MissingDependency>
        <Required type="2" schemaName="customerid" displayName="Customer" parentSchemaName="incident" parentDisplayName="Case" solution="msdynce_Service (9.0.5.56)">
          <package>msdynce_ServiceAnchor (9.0.22055.1012)</package>
        </Required>
        <Dependent type="26" schemaName="Active Cases Team - CS" displayName="Active Cases Team - CS" parentSchemaName="incident" parentDisplayName="Case" id="{44c6b675-16c9-ea11-a812-000d3a2c81cd}" />
      </MissingDependency>
      <MissingDependency>
        <Required type="2" schemaName="customerid" displayName="Customer" parentSchemaName="incident" parentDisplayName="Case" solution="msdynce_Service (9.0.5.56)">
          <package>msdynce_ServiceAnchor (9.0.22055.1012)</package>
        </Required>
        <Dependent type="26" schemaName="Active Cases - CS" displayName="Active Cases - CS" parentSchemaName="incident" parentDisplayName="Case" id="{781d35d2-16c9-ea11-a812-000d3a2c81cd}" />
      </MissingDependency>
      <MissingDependency>
        <Required type="2" schemaName="customerid" displayName="Customer" parentSchemaName="incident" parentDisplayName="Case" solution="msdynce_Service (9.0.5.56)">
          <package>msdynce_ServiceAnchor (9.0.22055.1012)</package>
        </Required>
        <Dependent type="60" displayName="Case Main - CS" parentDisplayName="Case" id="{62a1884a-cfd4-4472-bc47-053aa1080da7}" />
      </MissingDependency>
      <MissingDependency>
        <Required type="2" schemaName="description" displayName="Description" parentSchemaName="incident" parentDisplayName="Case" solution="msdynce_Service (9.0.5.56)">
          <package>msdynce_ServiceAnchor (9.0.22055.1012)</package>
        </Required>
        <Dependent type="60" displayName="Case Main - CS" parentDisplayName="Case" id="{62a1884a-cfd4-4472-bc47-053aa1080da7}" />
      </MissingDependency>
      <MissingDependency>
        <Required type="2" schemaName="entitlementid" displayName="Entitlement" parentSchemaName="incident" parentDisplayName="Case" solution="msdynce_Service (9.0.5.56)">
          <package>msdynce_ServiceAnchor (9.0.22055.1012)</package>
        </Required>
        <Dependent type="60" displayName="Case Main - CS" parentDisplayName="Case" id="{62a1884a-cfd4-4472-bc47-053aa1080da7}" />
      </MissingDependency>
      <MissingDependency>
        <Required type="2" schemaName="escalatedon" displayName="Escalated On" parentSchemaName="incident" parentDisplayName="Case" solution="msdynce_Service (9.0.5.56)">
          <package>msdynce_ServiceAnchor (9.0.22055.1012)</package>
        </Required>
        <Dependent type="60" displayName="Case Main - CS" parentDisplayName="Case" id="{62a1884a-cfd4-4472-bc47-053aa1080da7}" />
      </MissingDependency>
      <MissingDependency>
        <Required type="2" schemaName="firstresponsesent" displayName="First Response Sent" parentSchemaName="incident" parentDisplayName="Case" solution="msdynce_Service (9.0.5.56)">
          <package>msdynce_ServiceAnchor (9.0.22055.1012)</package>
        </Required>
        <Dependent type="60" displayName="Case Main - CS" parentDisplayName="Case" id="{62a1884a-cfd4-4472-bc47-053aa1080da7}" />
      </MissingDependency>
      <MissingDependency>
        <Required type="2" schemaName="followupby" displayName="Follow Up By" parentSchemaName="incident" parentDisplayName="Case" solution="msdynce_Service (9.0.5.56)">
          <package>msdynce_ServiceAnchor (9.0.22055.1012)</package>
        </Required>
        <Dependent type="60" displayName="Case Main - CS" parentDisplayName="Case" id="{62a1884a-cfd4-4472-bc47-053aa1080da7}" />
      </MissingDependency>
      <MissingDependency>
        <Required type="2" schemaName="incidentid" displayName="Case" parentSchemaName="incident" parentDisplayName="Case" solution="msdynce_Service (9.0.5.56)">
          <package>msdynce_ServiceAnchor (9.0.22055.1012)</package>
        </Required>
        <Dependent type="26" schemaName="My Active Cases - CS" displayName="My Active Cases - CS" parentSchemaName="incident" parentDisplayName="Case" id="{34646c7b-4fc9-ea11-a812-000d3a2c81cd}" />
      </MissingDependency>
      <MissingDependency>
        <Required type="2" schemaName="incidentid" displayName="Case" parentSchemaName="incident" parentDisplayName="Case" solution="msdynce_Service (9.0.5.56)">
          <package>msdynce_ServiceAnchor (9.0.22055.1012)</package>
        </Required>
        <Dependent type="26" schemaName="Active Cases Team - CS" displayName="Active Cases Team - CS" parentSchemaName="incident" parentDisplayName="Case" id="{44c6b675-16c9-ea11-a812-000d3a2c81cd}" />
      </MissingDependency>
      <MissingDependency>
        <Required type="2" schemaName="incidentid" displayName="Case" parentSchemaName="incident" parentDisplayName="Case" solution="msdynce_Service (9.0.5.56)">
          <package>msdynce_ServiceAnchor (9.0.22055.1012)</package>
        </Required>
        <Dependent type="26" schemaName="Active Cases - CS" displayName="Active Cases - CS" parentSchemaName="incident" parentDisplayName="Case" id="{781d35d2-16c9-ea11-a812-000d3a2c81cd}" />
      </MissingDependency>
      <MissingDependency>
        <Required type="2" schemaName="incidentid" displayName="Case" parentSchemaName="incident" parentDisplayName="Case" solution="msdynce_Service (9.0.5.56)">
          <package>msdynce_ServiceAnchor (9.0.22055.1012)</package>
        </Required>
        <Dependent type="36" displayName="CS - Auto Reply" id="{56b1bb6b-f06c-ec11-8943-6045bd8ce9c2}" />
      </MissingDependency>
      <MissingDependency>
        <Required type="2" schemaName="influencescore" displayName="Influence Score" parentSchemaName="incident" parentDisplayName="Case" solution="msdynce_Service (9.0.5.56)">
          <package>msdynce_ServiceAnchor (9.0.22055.1012)</package>
        </Required>
        <Dependent type="60" displayName="Case Main - CS" parentDisplayName="Case" id="{62a1884a-cfd4-4472-bc47-053aa1080da7}" />
      </MissingDependency>
      <MissingDependency>
        <Required type="2" schemaName="isescalated" displayName="Is Escalated" parentSchemaName="incident" parentDisplayName="Case" solution="msdynce_Service (9.0.5.56)">
          <package>msdynce_ServiceAnchor (9.0.22055.1012)</package>
        </Required>
        <Dependent type="60" displayName="Case Main - CS" parentDisplayName="Case" id="{62a1884a-cfd4-4472-bc47-053aa1080da7}" />
      </MissingDependency>
      <MissingDependency>
        <Required type="2" schemaName="messagetypecode" displayName="Received As" parentSchemaName="incident" parentDisplayName="Case" solution="msdynce_Service (9.0.5.56)">
          <package>msdynce_ServiceAnchor (9.0.22055.1012)</package>
        </Required>
        <Dependent type="60" displayName="Case Main - CS" parentDisplayName="Case" id="{62a1884a-cfd4-4472-bc47-053aa1080da7}" />
      </MissingDependency>
      <MissingDependency>
        <Required type="2" schemaName="msdyn_iotalert" displayName="IoT Alert" parentSchemaName="incident" parentDisplayName="Case" solution="msdyn_ConnectedCustomerService (9.0.20115.1027)">
          <package>msdynce_ServiceAnchor (9.0.22055.1012)</package>
        </Required>
        <Dependent type="60" displayName="Case Main - CS" parentDisplayName="Case" id="{62a1884a-cfd4-4472-bc47-053aa1080da7}" />
      </MissingDependency>
      <MissingDependency>
        <Required type="2" schemaName="ownerid" displayName="Owner" parentSchemaName="incident" parentDisplayName="Case" solution="msdynce_Service (9.0.5.56)">
          <package>msdynce_ServiceAnchor (9.0.22055.1012)</package>
        </Required>
        <Dependent type="26" schemaName="My Active Cases - CS" displayName="My Active Cases - CS" parentSchemaName="incident" parentDisplayName="Case" id="{34646c7b-4fc9-ea11-a812-000d3a2c81cd}" />
      </MissingDependency>
      <MissingDependency>
        <Required type="2" schemaName="ownerid" displayName="Owner" parentSchemaName="incident" parentDisplayName="Case" solution="msdynce_Service (9.0.5.56)">
          <package>msdynce_ServiceAnchor (9.0.22055.1012)</package>
        </Required>
        <Dependent type="26" schemaName="Active Cases Team - CS" displayName="Active Cases Team - CS" parentSchemaName="incident" parentDisplayName="Case" id="{44c6b675-16c9-ea11-a812-000d3a2c81cd}" />
      </MissingDependency>
      <MissingDependency>
        <Required type="2" schemaName="ownerid" displayName="Owner" parentSchemaName="incident" parentDisplayName="Case" solution="msdynce_Service (9.0.5.56)">
          <package>msdynce_ServiceAnchor (9.0.22055.1012)</package>
        </Required>
        <Dependent type="26" schemaName="Active Cases - CS" displayName="Active Cases - CS" parentSchemaName="incident" parentDisplayName="Case" id="{781d35d2-16c9-ea11-a812-000d3a2c81cd}" />
      </MissingDependency>
      <MissingDependency>
        <Required type="2" schemaName="ownerid" displayName="Owner" parentSchemaName="incident" parentDisplayName="Case" solution="msdynce_Service (9.0.5.56)">
          <package>msdynce_ServiceAnchor (9.0.22055.1012)</package>
        </Required>
        <Dependent type="60" displayName="Case Main - CS" parentDisplayName="Case" id="{62a1884a-cfd4-4472-bc47-053aa1080da7}" />
      </MissingDependency>
      <MissingDependency>
        <Required type="2" schemaName="owningteam" displayName="Owning Team" parentSchemaName="incident" parentDisplayName="Case" solution="msdynce_Service (9.0.5.56)">
          <package>msdynce_ServiceAnchor (9.0.22055.1012)</package>
        </Required>
        <Dependent type="26" schemaName="Active Cases Team - CS" displayName="Active Cases Team - CS" parentSchemaName="incident" parentDisplayName="Case" id="{44c6b675-16c9-ea11-a812-000d3a2c81cd}" />
      </MissingDependency>
      <MissingDependency>
        <Required type="2" schemaName="parentcaseid" displayName="Parent Case" parentSchemaName="incident" parentDisplayName="Case" solution="msdynce_Service (9.0.5.56)">
          <package>msdynce_ServiceAnchor (9.0.22055.1012)</package>
        </Required>
        <Dependent type="60" displayName="Case Main - CS" parentDisplayName="Case" id="{62a1884a-cfd4-4472-bc47-053aa1080da7}" />
      </MissingDependency>
      <MissingDependency>
        <Required type="2" schemaName="primarycontactid" displayName="Contact" parentSchemaName="incident" parentDisplayName="Case" solution="msdynce_Service (9.0.5.56)">
          <package>msdynce_ServiceAnchor (9.0.22055.1012)</package>
        </Required>
        <Dependent type="26" schemaName="My Active Cases - CS" displayName="My Active Cases - CS" parentSchemaName="incident" parentDisplayName="Case" id="{34646c7b-4fc9-ea11-a812-000d3a2c81cd}" />
      </MissingDependency>
      <MissingDependency>
        <Required type="2" schemaName="primarycontactid" displayName="Contact" parentSchemaName="incident" parentDisplayName="Case" solution="msdynce_Service (9.0.5.56)">
          <package>msdynce_ServiceAnchor (9.0.22055.1012)</package>
        </Required>
        <Dependent type="26" schemaName="Active Cases Team - CS" displayName="Active Cases Team - CS" parentSchemaName="incident" parentDisplayName="Case" id="{44c6b675-16c9-ea11-a812-000d3a2c81cd}" />
      </MissingDependency>
      <MissingDependency>
        <Required type="2" schemaName="primarycontactid" displayName="Contact" parentSchemaName="incident" parentDisplayName="Case" solution="msdynce_Service (9.0.5.56)">
          <package>msdynce_ServiceAnchor (9.0.22055.1012)</package>
        </Required>
        <Dependent type="26" schemaName="Active Cases - CS" displayName="Active Cases - CS" parentSchemaName="incident" parentDisplayName="Case" id="{781d35d2-16c9-ea11-a812-000d3a2c81cd}" />
      </MissingDependency>
      <MissingDependency>
        <Required type="2" schemaName="primarycontactid" displayName="Contact" parentSchemaName="incident" parentDisplayName="Case" solution="msdynce_Service (9.0.5.56)">
          <package>msdynce_ServiceAnchor (9.0.22055.1012)</package>
        </Required>
        <Dependent type="60" displayName="Case Main - CS" parentDisplayName="Case" id="{62a1884a-cfd4-4472-bc47-053aa1080da7}" />
      </MissingDependency>
      <MissingDependency>
        <Required type="2" schemaName="prioritycode" displayName="Priority" parentSchemaName="incident" parentDisplayName="Case" solution="msdynce_Service (9.0.5.56)">
          <package>msdynce_ServiceAnchor (9.0.22055.1012)</package>
        </Required>
        <Dependent type="26" schemaName="My Active Cases - CS" displayName="My Active Cases - CS" parentSchemaName="incident" parentDisplayName="Case" id="{34646c7b-4fc9-ea11-a812-000d3a2c81cd}" />
      </MissingDependency>
      <MissingDependency>
        <Required type="2" schemaName="prioritycode" displayName="Priority" parentSchemaName="incident" parentDisplayName="Case" solution="msdynce_Service (9.0.5.56)">
          <package>msdynce_ServiceAnchor (9.0.22055.1012)</package>
        </Required>
        <Dependent type="26" schemaName="Active Cases Team - CS" displayName="Active Cases Team - CS" parentSchemaName="incident" parentDisplayName="Case" id="{44c6b675-16c9-ea11-a812-000d3a2c81cd}" />
      </MissingDependency>
      <MissingDependency>
        <Required type="2" schemaName="prioritycode" displayName="Priority" parentSchemaName="incident" parentDisplayName="Case" solution="msdynce_Service (9.0.5.56)">
          <package>msdynce_ServiceAnchor (9.0.22055.1012)</package>
        </Required>
        <Dependent type="26" schemaName="Active Cases - CS" displayName="Active Cases - CS" parentSchemaName="incident" parentDisplayName="Case" id="{781d35d2-16c9-ea11-a812-000d3a2c81cd}" />
      </MissingDependency>
      <MissingDependency>
        <Required type="2" schemaName="prioritycode" displayName="Priority" parentSchemaName="incident" parentDisplayName="Case" solution="msdynce_Service (9.0.5.56)">
          <package>msdynce_ServiceAnchor (9.0.22055.1012)</package>
        </Required>
        <Dependent type="60" displayName="Case Main - CS" parentDisplayName="Case" id="{62a1884a-cfd4-4472-bc47-053aa1080da7}" />
      </MissingDependency>
      <MissingDependency>
        <Required type="2" schemaName="productid" displayName="Product" parentSchemaName="incident" parentDisplayName="Case" solution="msdynce_Service (9.0.5.56)">
          <package>msdynce_ServiceAnchor (9.0.22055.1012)</package>
        </Required>
        <Dependent type="60" displayName="Case Main - CS" parentDisplayName="Case" id="{62a1884a-cfd4-4472-bc47-053aa1080da7}" />
      </MissingDependency>
      <MissingDependency>
        <Required type="2" schemaName="resolveby" displayName="Resolve By" parentSchemaName="incident" parentDisplayName="Case" solution="msdynce_Service (9.0.5.56)">
          <package>msdynce_ServiceAnchor (9.0.22055.1012)</package>
        </Required>
        <Dependent type="60" displayName="Case Main - CS" parentDisplayName="Case" id="{62a1884a-cfd4-4472-bc47-053aa1080da7}" />
      </MissingDependency>
      <MissingDependency>
        <Required type="2" schemaName="responseby" displayName="First Response By" parentSchemaName="incident" parentDisplayName="Case" solution="msdynce_Service (9.0.5.56)">
          <package>msdynce_ServiceAnchor (9.0.22055.1012)</package>
        </Required>
        <Dependent type="60" displayName="Case Main - CS" parentDisplayName="Case" id="{62a1884a-cfd4-4472-bc47-053aa1080da7}" />
      </MissingDependency>
      <MissingDependency>
        <Required type="2" schemaName="sentimentvalue" displayName="Sentiment Value" parentSchemaName="incident" parentDisplayName="Case" solution="msdynce_Service (9.0.5.56)">
          <package>msdynce_ServiceAnchor (9.0.22055.1012)</package>
        </Required>
        <Dependent type="60" displayName="Case Main - CS" parentDisplayName="Case" id="{62a1884a-cfd4-4472-bc47-053aa1080da7}" />
      </MissingDependency>
      <MissingDependency>
        <Required type="2" schemaName="socialprofileid" displayName="Social Profile" parentSchemaName="incident" parentDisplayName="Case" solution="msdynce_Service (9.0.5.56)">
          <package>msdynce_ServiceAnchor (9.0.22055.1012)</package>
        </Required>
        <Dependent type="60" displayName="Case Main - CS" parentDisplayName="Case" id="{62a1884a-cfd4-4472-bc47-053aa1080da7}" />
      </MissingDependency>
      <MissingDependency>
        <Required type="2" schemaName="statecode" displayName="Status" parentSchemaName="incident" parentDisplayName="Case" solution="msdynce_Service (9.0.5.56)">
          <package>msdynce_ServiceAnchor (9.0.22055.1012)</package>
        </Required>
        <Dependent type="26" schemaName="My Active Cases - CS" displayName="My Active Cases - CS" parentSchemaName="incident" parentDisplayName="Case" id="{34646c7b-4fc9-ea11-a812-000d3a2c81cd}" />
      </MissingDependency>
      <MissingDependency>
        <Required type="2" schemaName="statecode" displayName="Status" parentSchemaName="incident" parentDisplayName="Case" solution="msdynce_Service (9.0.5.56)">
          <package>msdynce_ServiceAnchor (9.0.22055.1012)</package>
        </Required>
        <Dependent type="26" schemaName="Active Cases Team - CS" displayName="Active Cases Team - CS" parentSchemaName="incident" parentDisplayName="Case" id="{44c6b675-16c9-ea11-a812-000d3a2c81cd}" />
      </MissingDependency>
      <MissingDependency>
        <Required type="2" schemaName="statecode" displayName="Status" parentSchemaName="incident" parentDisplayName="Case" solution="msdynce_Service (9.0.5.56)">
          <package>msdynce_ServiceAnchor (9.0.22055.1012)</package>
        </Required>
        <Dependent type="26" schemaName="Active Cases - CS" displayName="Active Cases - CS" parentSchemaName="incident" parentDisplayName="Case" id="{781d35d2-16c9-ea11-a812-000d3a2c81cd}" />
      </MissingDependency>
      <MissingDependency>
        <Required type="2" schemaName="statuscode" displayName="Status Reason" parentSchemaName="incident" parentDisplayName="Case" solution="msdynce_Service (9.0.5.56)">
          <package>msdynce_ServiceAnchor (9.0.22055.1012)</package>
        </Required>
        <Dependent type="26" schemaName="My Active Cases - CS" displayName="My Active Cases - CS" parentSchemaName="incident" parentDisplayName="Case" id="{34646c7b-4fc9-ea11-a812-000d3a2c81cd}" />
      </MissingDependency>
      <MissingDependency>
        <Required type="2" schemaName="statuscode" displayName="Status Reason" parentSchemaName="incident" parentDisplayName="Case" solution="msdynce_Service (9.0.5.56)">
          <package>msdynce_ServiceAnchor (9.0.22055.1012)</package>
        </Required>
        <Dependent type="26" schemaName="Active Cases Team - CS" displayName="Active Cases Team - CS" parentSchemaName="incident" parentDisplayName="Case" id="{44c6b675-16c9-ea11-a812-000d3a2c81cd}" />
      </MissingDependency>
      <MissingDependency>
        <Required type="2" schemaName="statuscode" displayName="Status Reason" parentSchemaName="incident" parentDisplayName="Case" solution="msdynce_Service (9.0.5.56)">
          <package>msdynce_ServiceAnchor (9.0.22055.1012)</package>
        </Required>
        <Dependent type="26" schemaName="Active Cases - CS" displayName="Active Cases - CS" parentSchemaName="incident" parentDisplayName="Case" id="{781d35d2-16c9-ea11-a812-000d3a2c81cd}" />
      </MissingDependency>
      <MissingDependency>
        <Required type="2" schemaName="statuscode" displayName="Status Reason" parentSchemaName="incident" parentDisplayName="Case" solution="msdynce_Service (9.0.5.56)">
          <package>msdynce_ServiceAnchor (9.0.22055.1012)</package>
        </Required>
        <Dependent type="60" displayName="Case Main - CS" parentDisplayName="Case" id="{62a1884a-cfd4-4472-bc47-053aa1080da7}" />
      </MissingDependency>
      <MissingDependency>
        <Required type="2" schemaName="subjectid" displayName="Subject" parentSchemaName="incident" parentDisplayName="Case" solution="msdynce_Service (9.0.5.56)">
          <package>msdynce_ServiceAnchor (9.0.22055.1012)</package>
        </Required>
        <Dependent type="60" displayName="Case Main - CS" parentDisplayName="Case" id="{62a1884a-cfd4-4472-bc47-053aa1080da7}" />
      </MissingDependency>
      <MissingDependency>
        <Required type="2" schemaName="ticketnumber" displayName="Case Number" parentSchemaName="incident" parentDisplayName="Case" solution="msdynce_Service (9.0.5.56)">
          <package>msdynce_ServiceAnchor (9.0.22055.1012)</package>
        </Required>
        <Dependent type="2" schemaName="ticketnumber" displayName="Case Number" parentSchemaName="incident" parentDisplayName="Case" />
      </MissingDependency>
      <MissingDependency>
        <Required type="2" schemaName="title" displayName="Case Title" parentSchemaName="incident" parentDisplayName="Case" solution="msdynce_Service (9.0.5.56)">
          <package>msdynce_ServiceAnchor (9.0.22055.1012)</package>
        </Required>
        <Dependent type="26" schemaName="My Active Cases - CS" displayName="My Active Cases - CS" parentSchemaName="incident" parentDisplayName="Case" id="{34646c7b-4fc9-ea11-a812-000d3a2c81cd}" />
      </MissingDependency>
      <MissingDependency>
        <Required type="2" schemaName="title" displayName="Case Title" parentSchemaName="incident" parentDisplayName="Case" solution="msdynce_Service (9.0.5.56)">
          <package>msdynce_ServiceAnchor (9.0.22055.1012)</package>
        </Required>
        <Dependent type="26" schemaName="Active Cases Team - CS" displayName="Active Cases Team - CS" parentSchemaName="incident" parentDisplayName="Case" id="{44c6b675-16c9-ea11-a812-000d3a2c81cd}" />
      </MissingDependency>
      <MissingDependency>
        <Required type="2" schemaName="title" displayName="Case Title" parentSchemaName="incident" parentDisplayName="Case" solution="msdynce_Service (9.0.5.56)">
          <package>msdynce_ServiceAnchor (9.0.22055.1012)</package>
        </Required>
        <Dependent type="26" schemaName="Active Cases - CS" displayName="Active Cases - CS" parentSchemaName="incident" parentDisplayName="Case" id="{781d35d2-16c9-ea11-a812-000d3a2c81cd}" />
      </MissingDependency>
      <MissingDependency>
        <Required type="2" schemaName="title" displayName="Case Title" parentSchemaName="incident" parentDisplayName="Case" solution="msdynce_Service (9.0.5.56)">
          <package>msdynce_ServiceAnchor (9.0.22055.1012)</package>
        </Required>
        <Dependent type="36" displayName="CS - Auto Reply" id="{56b1bb6b-f06c-ec11-8943-6045bd8ce9c2}" />
      </MissingDependency>
      <MissingDependency>
        <Required type="2" schemaName="title" displayName="Case Title" parentSchemaName="incident" parentDisplayName="Case" solution="msdynce_Service (9.0.5.56)">
          <package>msdynce_ServiceAnchor (9.0.22055.1012)</package>
        </Required>
        <Dependent type="60" displayName="Case Main - CS" parentDisplayName="Case" id="{62a1884a-cfd4-4472-bc47-053aa1080da7}" />
      </MissingDependency>
      <MissingDependency>
        <Required type="2" schemaName="siteid" displayName="Site" parentSchemaName="systemuser" parentDisplayName="User" solution="msdynce_Service (9.0.5.56)">
          <package>msdynce_ServiceAnchor (9.0.22055.1012)</package>
        </Required>
        <Dependent type="60" displayName="User - CS" parentDisplayName="User" id="{90b6659e-8dc8-ea11-a812-000d3a2c81cd}" />
      </MissingDependency>
      <MissingDependency>
        <Required type="2" schemaName="territoryid" displayName="Territory" parentSchemaName="systemuser" parentDisplayName="User" solution="msdynce_AppCommon (9.0.4.0066)">
          <package>msdynce_AppCommonAnchor (9.0.22061.10001)</package>
        </Required>
        <Dependent type="60" displayName="User - CS" parentDisplayName="User" id="{90b6659e-8dc8-ea11-a812-000d3a2c81cd}" />
      </MissingDependency>
      <MissingDependency>
        <Required type="20" displayName="CSR Manager" solution="msdynce_Service (9.0.5.56)" id="{978b4dfc-1408-4c06-a0bb-536f7e20b2a1}" parentId="{1808b939-dd07-4ca7-aa99-ddd2734378f1}">
          <package>msdynce_ServiceAnchor (9.0.22055.1012)</package>
        </Required>
        <Dependent type="60" displayName="Performance Dashboard - CS" id="{ec1a1862-6181-4fef-996f-53b43b3176b3}" />
      </MissingDependency>
      <MissingDependency>
        <Required type="20" displayName="Customer Service Representative" solution="msdynce_Service (9.0.5.56)" id="{f1b12693-85cd-4907-a997-d44103d541f9}" parentId="{ecfd0b44-5720-45e3-ae68-417ddb0fb654}">
          <package>msdynce_ServiceAnchor (9.0.22055.1012)</package>
        </Required>
        <Dependent type="60" displayName="Performance Dashboard - CS" id="{ec1a1862-6181-4fef-996f-53b43b3176b3}" />
      </MissingDependency>
      <MissingDependency>
        <Required type="26" schemaName="My Active Cases" displayName="My Active Cases" parentSchemaName="incident" parentDisplayName="Case" solution="msdynce_Service (9.0.5.56)" id="{00000000-0000-0000-00aa-000010001028}">
          <package>msdynce_ServiceAnchor (9.0.22055.1012)</package>
        </Required>
        <Dependent type="60" displayName="Recent Cases - CS" parentDisplayName="Account" id="{2d66a7f8-96dd-4c73-97ab-d1c12847d7ce}" />
      </MissingDependency>
      <MissingDependency>
        <Required type="26" schemaName="My Active Cases" displayName="My Active Cases" parentSchemaName="incident" parentDisplayName="Case" solution="msdynce_Service (9.0.5.56)" id="{00000000-0000-0000-00aa-000010001028}">
          <package>msdynce_ServiceAnchor (9.0.22055.1012)</package>
        </Required>
        <Dependent type="60" displayName="Account Main - CS" parentDisplayName="Account" id="{5cbdb034-141b-444a-9390-0ae80e4510ff}" />
      </MissingDependency>
      <MissingDependency>
        <Required type="26" schemaName="My Active Cases" displayName="My Active Cases" parentSchemaName="incident" parentDisplayName="Case" solution="msdynce_Service (9.0.5.56)" id="{00000000-0000-0000-00aa-000010001028}">
          <package>msdynce_ServiceAnchor (9.0.22055.1012)</package>
        </Required>
        <Dependent type="60" displayName="Contact Main - CS" parentDisplayName="Contact" id="{5e5c217e-0731-4b0e-8dd0-89bb98eda36f}" />
      </MissingDependency>
      <MissingDependency>
        <Required type="26" schemaName="All Cases" displayName="All Cases" parentSchemaName="incident" parentDisplayName="Case" solution="msdynce_Service (9.0.5.56)" id="{00000000-0000-0000-00aa-000010001030}">
          <package>msdynce_ServiceAnchor (9.0.22055.1012)</package>
        </Required>
        <Dependent type="60" displayName="Performance Dashboard - CS" id="{ec1a1862-6181-4fef-996f-53b43b3176b3}" />
      </MissingDependency>
      <MissingDependency>
        <Required type="26" schemaName="Active Cases" displayName="Active Cases" parentSchemaName="incident" parentDisplayName="Case" solution="msdynce_Service (9.0.5.56)" id="{00000000-0000-0000-00aa-000010001032}">
          <package>msdynce_ServiceAnchor (9.0.22055.1012)</package>
        </Required>
        <Dependent type="60" displayName="Account Main - CS" parentDisplayName="Account" id="{5cbdb034-141b-444a-9390-0ae80e4510ff}" />
      </MissingDependency>
      <MissingDependency>
        <Required type="26" schemaName="Active Cases" displayName="Active Cases" parentSchemaName="incident" parentDisplayName="Case" solution="msdynce_Service (9.0.5.56)" id="{00000000-0000-0000-00aa-000010001032}">
          <package>msdynce_ServiceAnchor (9.0.22055.1012)</package>
        </Required>
        <Dependent type="60" displayName="Contact Main - CS" parentDisplayName="Contact" id="{5e5c217e-0731-4b0e-8dd0-89bb98eda36f}" />
      </MissingDependency>
      <MissingDependency>
        <Required type="26" schemaName="Active Cases" displayName="Active Cases" parentSchemaName="incident" parentDisplayName="Case" solution="msdynce_Service (9.0.5.56)" id="{00000000-0000-0000-00aa-000010001032}">
          <package>msdynce_ServiceAnchor (9.0.22055.1012)</package>
        </Required>
        <Dependent type="60" displayName="Performance Dashboard - CS" id="{ec1a1862-6181-4fef-996f-53b43b3176b3}" />
      </MissingDependency>
      <MissingDependency>
        <Required type="26" schemaName="F. Open Opportunities - All business units" displayName="F. Open Opportunities - All business units" parentSchemaName="opportunity" parentDisplayName="Opportunity" solution="msdynce_Sales (9.0.4.0076)" id="{00000000-0000-0000-00aa-000010003001}">
          <package>msdynce_SalesAnchor (9.0.22061.10002)</package>
        </Required>
        <Dependent type="60" displayName="Account Main - CS" parentDisplayName="Account" id="{5cbdb034-141b-444a-9390-0ae80e4510ff}" />
      </MissingDependency>
      <MissingDependency>
        <Required type="26" schemaName="F. Open Opportunities - All business units" displayName="F. Open Opportunities - All business units" parentSchemaName="opportunity" parentDisplayName="Opportunity" solution="msdynce_Sales (9.0.4.0076)" id="{00000000-0000-0000-00aa-000010003001}">
          <package>msdynce_SalesAnchor (9.0.22061.10002)</package>
        </Required>
        <Dependent type="60" displayName="Contact Main - CS" parentDisplayName="Contact" id="{5e5c217e-0731-4b0e-8dd0-89bb98eda36f}" />
      </MissingDependency>
      <MissingDependency>
        <Required type="26" schemaName="Associated Knowledge Records View" displayName="Associated Knowledge Records View" parentSchemaName="knowledgearticleincident" parentDisplayName="Knowledge Article Incident" solution="msdynce_Service (9.0.5.56)" id="{4ce7d553-9bba-4d8f-b209-899af9d3937c}">
          <package>msdynce_ServiceAnchor (9.0.22055.1012)</package>
        </Required>
        <Dependent type="60" displayName="Case Main - CS" parentDisplayName="Case" id="{62a1884a-cfd4-4472-bc47-053aa1080da7}" />
      </MissingDependency>
      <MissingDependency>
        <Required type="26" schemaName="Active Products Lookup View" displayName="Active Products Lookup View" parentSchemaName="product" parentDisplayName="Product" solution="msdynce_ProductManagement (9.0.4.0066)" id="{58afc3c5-8add-4552-98cb-473bc8f75619}">
          <package>msdynce_ProductManagementAnchor (9.0.22061.10001)</package>
        </Required>
        <Dependent type="60" displayName="Case Main - CS" parentDisplayName="Case" id="{62a1884a-cfd4-4472-bc47-053aa1080da7}" />
      </MissingDependency>
      <MissingDependency>
        <Required type="26" schemaName="Associated Cases For Interaction Centric Form" displayName="Associated Cases For Interaction Centric Form" parentSchemaName="incident" parentDisplayName="Case" solution="msdynce_Service (9.0.5.56)" id="{65ab1a2c-1cd9-4fbe-8fd3-d52142d6b3fd}">
          <package>msdynce_ServiceAnchor (9.0.22055.1012)</package>
        </Required>
        <Dependent type="60" displayName="Case Main - CS" parentDisplayName="Case" id="{62a1884a-cfd4-4472-bc47-053aa1080da7}" />
      </MissingDependency>
      <MissingDependency>
        <Required type="26" schemaName="Primary alerts" displayName="Primary alerts" parentSchemaName="msdyn_iotalert" parentDisplayName="IoT Alert" solution="IoTConnector (1.8.9.7)" id="{b96d141d-a429-e611-8107-00155db9cd0a}">
          <package>msdynce_ServiceAnchor (9.0.22055.1012)</package>
        </Required>
        <Dependent type="60" displayName="Case Main - CS" parentDisplayName="Case" id="{62a1884a-cfd4-4472-bc47-053aa1080da7}" />
      </MissingDependency>
      <MissingDependency>
        <Required type="26" schemaName="Valid Entitlements for Cases" displayName="Valid Entitlements for Cases" parentSchemaName="entitlement" parentDisplayName="Entitlement" solution="msdynce_Service (9.0.5.56)" id="{e7ea283b-0490-4956-939b-3325e0798fb8}">
          <package>msdynce_ServiceAnchor (9.0.22055.1012)</package>
        </Required>
        <Dependent type="60" displayName="Case Main - CS" parentDisplayName="Case" id="{62a1884a-cfd4-4472-bc47-053aa1080da7}" />
      </MissingDependency>
      <MissingDependency>
        <Required type="26" schemaName="Recent Cases" displayName="Recent Cases" parentSchemaName="incident" parentDisplayName="Case" solution="msdynce_Service (9.0.5.56)" id="{ebd1d24a-eea7-e211-9fb6-00155dd0ea05}">
          <package>msdynce_ServiceAnchor (9.0.22055.1012)</package>
        </Required>
        <Dependent type="60" displayName="Recent Cases - CS" parentDisplayName="Account" id="{2d66a7f8-96dd-4c73-97ab-d1c12847d7ce}" />
      </MissingDependency>
      <MissingDependency>
        <Required type="26" schemaName="Recent Cases" displayName="Recent Cases" parentSchemaName="incident" parentDisplayName="Case" solution="msdynce_Service (9.0.5.56)" id="{ebd1d24a-eea7-e211-9fb6-00155dd0ea05}">
          <package>msdynce_ServiceAnchor (9.0.22055.1012)</package>
        </Required>
        <Dependent type="60" displayName="Recent Cases - CS" parentDisplayName="Contact" id="{5a851f9a-8513-42b1-863e-6bd306bd1369}" />
      </MissingDependency>
      <MissingDependency>
        <Required type="26" schemaName="Recent Cases" displayName="Recent Cases" parentSchemaName="incident" parentDisplayName="Case" solution="msdynce_Service (9.0.5.56)" id="{ebd1d24a-eea7-e211-9fb6-00155dd0ea05}">
          <package>msdynce_ServiceAnchor (9.0.22055.1012)</package>
        </Required>
        <Dependent type="60" displayName="Account Main - CS" parentDisplayName="Account" id="{5cbdb034-141b-444a-9390-0ae80e4510ff}" />
      </MissingDependency>
      <MissingDependency>
        <Required type="26" schemaName="Recent Cases" displayName="Recent Cases" parentSchemaName="incident" parentDisplayName="Case" solution="msdynce_Service (9.0.5.56)" id="{ebd1d24a-eea7-e211-9fb6-00155dd0ea05}">
          <package>msdynce_ServiceAnchor (9.0.22055.1012)</package>
        </Required>
        <Dependent type="60" displayName="Contact Main - CS" parentDisplayName="Contact" id="{5e5c217e-0731-4b0e-8dd0-89bb98eda36f}" />
      </MissingDependency>
      <MissingDependency>
        <Required type="59" schemaName="Active Cases by Agent" displayName="Active Cases by Agent" parentSchemaName="incident" parentDisplayName="Case" solution="msdynce_Service (9.0.5.56)" id="{4143b74e-4a07-4d01-9ffe-2cdcaa4208fd}">
          <package>msdynce_ServiceAnchor (9.0.22055.1012)</package>
        </Required>
        <Dependent type="60" displayName="Recent Cases - CS" parentDisplayName="Account" id="{2d66a7f8-96dd-4c73-97ab-d1c12847d7ce}" />
      </MissingDependency>
      <MissingDependency>
        <Required type="59" schemaName="Active Cases by Agent" displayName="Active Cases by Agent" parentSchemaName="incident" parentDisplayName="Case" solution="msdynce_Service (9.0.5.56)" id="{4143b74e-4a07-4d01-9ffe-2cdcaa4208fd}">
          <package>msdynce_ServiceAnchor (9.0.22055.1012)</package>
        </Required>
        <Dependent type="60" displayName="Recent Cases - CS" parentDisplayName="Contact" id="{5a851f9a-8513-42b1-863e-6bd306bd1369}" />
      </MissingDependency>
      <MissingDependency>
        <Required type="59" schemaName="Active Cases by Agent" displayName="Active Cases by Agent" parentSchemaName="incident" parentDisplayName="Case" solution="msdynce_Service (9.0.5.56)" id="{4143b74e-4a07-4d01-9ffe-2cdcaa4208fd}">
          <package>msdynce_ServiceAnchor (9.0.22055.1012)</package>
        </Required>
        <Dependent type="60" displayName="Account Main - CS" parentDisplayName="Account" id="{5cbdb034-141b-444a-9390-0ae80e4510ff}" />
      </MissingDependency>
      <MissingDependency>
        <Required type="59" schemaName="Active Cases by Agent" displayName="Active Cases by Agent" parentSchemaName="incident" parentDisplayName="Case" solution="msdynce_Service (9.0.5.56)" id="{4143b74e-4a07-4d01-9ffe-2cdcaa4208fd}">
          <package>msdynce_ServiceAnchor (9.0.22055.1012)</package>
        </Required>
        <Dependent type="60" displayName="Contact Main - CS" parentDisplayName="Contact" id="{5e5c217e-0731-4b0e-8dd0-89bb98eda36f}" />
      </MissingDependency>
      <MissingDependency>
        <Required type="59" schemaName="Active Cases by Agent" displayName="Active Cases by Agent" parentSchemaName="incident" parentDisplayName="Case" solution="msdynce_Service (9.0.5.56)" id="{4143b74e-4a07-4d01-9ffe-2cdcaa4208fd}">
          <package>msdynce_ServiceAnchor (9.0.22055.1012)</package>
        </Required>
        <Dependent type="60" displayName="Performance Dashboard - CS" id="{ec1a1862-6181-4fef-996f-53b43b3176b3}" />
      </MissingDependency>
      <MissingDependency>
        <Required type="59" schemaName="Top Customers" displayName="Top Customers" parentSchemaName="opportunity" parentDisplayName="Opportunity" solution="msdynce_Sales (9.0.4.0076)" id="{8bc5fb18-48f2-4782-9e16-3d452fa4ddce}">
          <package>msdynce_SalesAnchor (9.0.22061.10002)</package>
        </Required>
        <Dependent type="60" displayName="Account Main - CS" parentDisplayName="Account" id="{5cbdb034-141b-444a-9390-0ae80e4510ff}" />
      </MissingDependency>
      <MissingDependency>
        <Required type="59" schemaName="Top Customers" displayName="Top Customers" parentSchemaName="opportunity" parentDisplayName="Opportunity" solution="msdynce_Sales (9.0.4.0076)" id="{8bc5fb18-48f2-4782-9e16-3d452fa4ddce}">
          <package>msdynce_SalesAnchor (9.0.22061.10002)</package>
        </Required>
        <Dependent type="60" displayName="Contact Main - CS" parentDisplayName="Contact" id="{5e5c217e-0731-4b0e-8dd0-89bb98eda36f}" />
      </MissingDependency>
      <MissingDependency>
        <Required type="59" schemaName="Case Mix (By Origin)" displayName="Case Mix (By Origin)" parentSchemaName="incident" parentDisplayName="Case" solution="msdynce_Service (9.0.5.56)" id="{99782da3-a382-de11-9ff3-00155da3b012}">
          <package>msdynce_ServiceAnchor (9.0.22055.1012)</package>
        </Required>
        <Dependent type="60" displayName="Performance Dashboard - CS" id="{ec1a1862-6181-4fef-996f-53b43b3176b3}" />
      </MissingDependency>
      <MissingDependency>
        <Required type="59" schemaName="Cases by Priority (Per Owner)" displayName="Cases by Priority (Per Owner)" parentSchemaName="incident" parentDisplayName="Case" solution="msdynce_Service (9.0.5.56)" id="{9ae7aaac-d568-df11-986c-00155d2e3002}">
          <package>msdynce_ServiceAnchor (9.0.22055.1012)</package>
        </Required>
        <Dependent type="60" displayName="Performance Dashboard - CS" id="{ec1a1862-6181-4fef-996f-53b43b3176b3}" />
      </MissingDependency>
      <MissingDependency>
        <Required type="59" schemaName="Case Mix by Incident Type" displayName="Case Mix by Incident Type" parentSchemaName="incident" parentDisplayName="Case" solution="msdynce_Service (9.0.5.56)" id="{d5666449-b4bc-4134-b5f8-bd67b130315b}">
          <package>msdynce_ServiceAnchor (9.0.22055.1012)</package>
        </Required>
        <Dependent type="60" displayName="Performance Dashboard - CS" id="{ec1a1862-6181-4fef-996f-53b43b3176b3}" />
      </MissingDependency>
      <MissingDependency>
        <Required type="59" schemaName="Case Mix (By Priority)" displayName="Case Mix (By Priority)" parentSchemaName="incident" parentDisplayName="Case" solution="msdynce_Service (9.0.5.56)" id="{dde82758-2782-de11-9ff3-00155da3b012}">
          <package>msdynce_ServiceAnchor (9.0.22055.1012)</package>
        </Required>
        <Dependent type="60" displayName="Performance Dashboard - CS" id="{ec1a1862-6181-4fef-996f-53b43b3176b3}" />
      </MissingDependency>
      <MissingDependency>
        <Required type="60" displayName="Record Creation and Update Rule - UCI" parentDisplayName="Record Creation and Update Rule" solution="AutomaticRecordCreation (9.1.22055.1023)" id="{2c8955c5-133b-423f-bb72-01880111bbfd}">
          <package>msdynce_ServiceAnchor (9.0.22055.1012)</package>
        </Required>
        <Dependent type="80" schemaName="cs_CustomerService" displayName="CS" />
      </MissingDependency>
      <MissingDependency>
        <Required type="61" schemaName="AppCommon/Contact/Contact_main_system_library.js" displayName="AppCommon/Contact/Contact_main_system_library.js" solution="msdynce_AppCommon (9.0.4.0066)">
          <package>msdynce_AppCommonAnchor (9.0.22061.10001)</package>
        </Required>
        <Dependent type="60" displayName="Contact Main - CS" parentDisplayName="Contact" id="{5e5c217e-0731-4b0e-8dd0-89bb98eda36f}" />
      </MissingDependency>
      <MissingDependency>
        <Required type="61" schemaName="msdyn_/FollowAttachments/Scripts/Email_Engagement_Attachments.js" displayName="msdyn_/FollowAttachments/Scripts/Email_Engagement_Attachments.js" solution="EmailEngagement (9.0.1.7018)">
          <package>msdynce_SalesInsightsAnchor (9.0.22061.10012)</package>
        </Required>
        <Dependent type="60" displayName="Email - CS" parentDisplayName="Email" id="{d9bd582e-9715-47b8-a11e-89df960b6830}" />
      </MissingDependency>
      <MissingDependency>
        <Required type="61" schemaName="msdyn_/Images/AppModule_Default_Icon.png" displayName="msdyn_/Images/AppModule_Default_Icon.png" solution="AppModuleWebResources (2.5)" />
        <Dependent type="80" schemaName="cs_CustomerService" displayName="CS" />
      </MissingDependency>
    </MissingDependencies>
  </SolutionManifest>
</ImportExportXml>