<ImportExportXml version="9.1.0.20158" SolutionPackageVersion="9.1" languagecode="1033" generatedBy="CrmLive" xmlns:xsi="http://www.w3.org/2001/XMLSchema-instance">
  <SolutionManifest>
    <UniqueName>CustomerServiceCS</UniqueName>
    <LocalizedNames>
      <LocalizedName description="Customer Service - CS" languagecode="1033" />
    </LocalizedNames>
    <Descriptions />
    <Version>1.0.0.10</Version>
    <Managed>0</Managed>
    <Publisher>
      <UniqueName>customerservice</UniqueName>
      <LocalizedNames>
        <LocalizedName description="Customer Service" languagecode="1033" />
      </LocalizedNames>
      <Descriptions />
      <EMailAddress xsi:nil="true"></EMailAddress>
      <SupportingWebsiteUrl xsi:nil="true"></SupportingWebsiteUrl>
      <CustomizationPrefix>cs</CustomizationPrefix>
      <CustomizationOptionValuePrefix>71764</CustomizationOptionValuePrefix>
      <Addresses>
        <Address>
          <AddressNumber>1</AddressNumber>
          <AddressTypeCode>1</AddressTypeCode>
          <City xsi:nil="true"></City>
          <County xsi:nil="true"></County>
          <Country xsi:nil="true"></Country>
          <Fax xsi:nil="true"></Fax>
          <FreightTermsCode xsi:nil="true"></FreightTermsCode>
          <ImportSequenceNumber xsi:nil="true"></ImportSequenceNumber>
          <Latitude xsi:nil="true"></Latitude>
          <Line1 xsi:nil="true"></Line1>
          <Line2 xsi:nil="true"></Line2>
          <Line3 xsi:nil="true"></Line3>
          <Longitude xsi:nil="true"></Longitude>
          <Name xsi:nil="true"></Name>
          <PostalCode xsi:nil="true"></PostalCode>
          <PostOfficeBox xsi:nil="true"></PostOfficeBox>
          <PrimaryContactName xsi:nil="true"></PrimaryContactName>
          <ShippingMethodCode>1</ShippingMethodCode>
          <StateOrProvince xsi:nil="true"></StateOrProvince>
          <Telephone1 xsi:nil="true"></Telephone1>
          <Telephone2 xsi:nil="true"></Telephone2>
          <Telephone3 xsi:nil="true"></Telephone3>
          <TimeZoneRuleVersionNumber xsi:nil="true"></TimeZoneRuleVersionNumber>
          <UPSZone xsi:nil="true"></UPSZone>
          <UTCOffset xsi:nil="true"></UTCOffset>
          <UTCConversionTimeZoneCode xsi:nil="true"></UTCConversionTimeZoneCode>
        </Address>
        <Address>
          <AddressNumber>2</AddressNumber>
          <AddressTypeCode>1</AddressTypeCode>
          <City xsi:nil="true"></City>
          <County xsi:nil="true"></County>
          <Country xsi:nil="true"></Country>
          <Fax xsi:nil="true"></Fax>
          <FreightTermsCode xsi:nil="true"></FreightTermsCode>
          <ImportSequenceNumber xsi:nil="true"></ImportSequenceNumber>
          <Latitude xsi:nil="true"></Latitude>
          <Line1 xsi:nil="true"></Line1>
          <Line2 xsi:nil="true"></Line2>
          <Line3 xsi:nil="true"></Line3>
          <Longitude xsi:nil="true"></Longitude>
          <Name xsi:nil="true"></Name>
          <PostalCode xsi:nil="true"></PostalCode>
          <PostOfficeBox xsi:nil="true"></PostOfficeBox>
          <PrimaryContactName xsi:nil="true"></PrimaryContactName>
          <ShippingMethodCode>1</ShippingMethodCode>
          <StateOrProvince xsi:nil="true"></StateOrProvince>
          <Telephone1 xsi:nil="true"></Telephone1>
          <Telephone2 xsi:nil="true"></Telephone2>
          <Telephone3 xsi:nil="true"></Telephone3>
          <TimeZoneRuleVersionNumber xsi:nil="true"></TimeZoneRuleVersionNumber>
          <UPSZone xsi:nil="true"></UPSZone>
          <UTCOffset xsi:nil="true"></UTCOffset>
          <UTCConversionTimeZoneCode xsi:nil="true"></UTCConversionTimeZoneCode>
        </Address>
      </Addresses>
    </Publisher>
    <RootComponents>
      <RootComponent type="1" schemaName="account" behavior="1" />
      <RootComponent type="1" schemaName="annotation" behavior="2" />
      <RootComponent type="1" schemaName="appointment" behavior="2" />
      <RootComponent type="1" schemaName="contact" behavior="1" />
      <RootComponent type="1" schemaName="cs_signature" behavior="0" />
      <RootComponent type="1" schemaName="email" behavior="2" />
      <RootComponent type="1" schemaName="incident" behavior="1" />
      <RootComponent type="1" schemaName="phonecall" behavior="2" />
      <RootComponent type="1" schemaName="systemuser" behavior="1" />
      <RootComponent type="1" schemaName="task" behavior="2" />
      <RootComponent type="20" id="{7b93b05e-ffc8-ea11-a812-000d3a2c81cd}" behavior="0" />
      <RootComponent type="29" id="{215c4207-5a17-488e-b438-8868442a068b}" behavior="0" />
      <RootComponent type="29" id="{6df65aef-6879-4cd2-aaad-563642ca407a}" behavior="0" />
      <RootComponent type="36" id="{558b4792-04c9-ea11-a812-000d3a2c81cd}" behavior="0" />
      <RootComponent type="60" id="{13207dcf-6d4e-41a9-a8be-812675847a2f}" behavior="0" />
      <RootComponent type="60" id="{2d66a7f8-96dd-4c73-97ab-d1c12847d7ce}" behavior="0" />
      <RootComponent type="60" id="{5a851f9a-8513-42b1-863e-6bd306bd1369}" behavior="0" />
      <RootComponent type="60" id="{5cbdb034-141b-444a-9390-0ae80e4510ff}" behavior="0" />
      <RootComponent type="60" id="{5e5c217e-0731-4b0e-8dd0-89bb98eda36f}" behavior="0" />
      <RootComponent type="60" id="{62a1884a-cfd4-4472-bc47-053aa1080da7}" behavior="0" />
      <RootComponent type="60" id="{90b6659e-8dc8-ea11-a812-000d3a2c81cd}" behavior="0" />
      <RootComponent type="60" id="{d9bd582e-9715-47b8-a11e-89df960b6830}" behavior="0" />
      <RootComponent type="60" id="{e089c17c-6eb3-4b80-9399-0cac870de179}" behavior="0" />
      <RootComponent type="60" id="{ec1a1862-6181-4fef-996f-53b43b3176b3}" behavior="0" />
      <RootComponent type="61" schemaName="cs_Case" behavior="0" />
      <RootComponent type="61" schemaName="cs_Email" behavior="0" />
      <RootComponent type="62" schemaName="cs_CustomerService" behavior="0" />
      <RootComponent type="80" schemaName="cs_CustomerService" behavior="0" />
      <RootComponent type="154" id="{ba27759f-04c9-ea11-a812-000d3a2c81cd}" behavior="0" />
    </RootComponents>
    <MissingDependencies>
      <MissingDependency>
        <Required key="0" type="1" schemaName="incident" displayName="Case" solution="msdynce_Service (9.0.5.56)" />
        <Dependent key="1" type="60" displayName="Case Main - CS" parentDisplayName="Case" id="{62a1884a-cfd4-4472-bc47-053aa1080da7}" />
      </MissingDependency>
      <MissingDependency>
        <Required key="2" type="1" schemaName="knowledgearticleincident" displayName="Knowledge Article Incident" solution="msdynce_Service (9.0.5.56)" />
        <Dependent key="1" type="60" displayName="Case Main - CS" parentDisplayName="Case" id="{62a1884a-cfd4-4472-bc47-053aa1080da7}" />
      </MissingDependency>
      <MissingDependency>
        <Required key="3" type="2" schemaName="responseby" displayName="First Response By" parentSchemaName="incident" parentDisplayName="Case" solution="msdynce_Service (9.0.5.56)" />
        <Dependent key="1" type="60" displayName="Case Main - CS" parentDisplayName="Case" id="{62a1884a-cfd4-4472-bc47-053aa1080da7}" />
      </MissingDependency>
      <MissingDependency>
        <Required key="4" type="2" schemaName="firstresponsesent" displayName="First Response Sent" parentSchemaName="incident" parentDisplayName="Case" solution="msdynce_Service (9.0.5.56)" />
        <Dependent key="1" type="60" displayName="Case Main - CS" parentDisplayName="Case" id="{62a1884a-cfd4-4472-bc47-053aa1080da7}" />
      </MissingDependency>
      <MissingDependency>
        <Required key="5" type="2" schemaName="caseorigincode" displayName="Origin" parentSchemaName="incident" parentDisplayName="Case" solution="msdynce_Service (9.0.5.56)" />
        <Dependent key="1" type="60" displayName="Case Main - CS" parentDisplayName="Case" id="{62a1884a-cfd4-4472-bc47-053aa1080da7}" />
      </MissingDependency>
      <MissingDependency>
        <Required key="6" type="2" schemaName="description" displayName="Description" parentSchemaName="incident" parentDisplayName="Case" solution="msdynce_Service (9.0.5.56)" />
        <Dependent key="1" type="60" displayName="Case Main - CS" parentDisplayName="Case" id="{62a1884a-cfd4-4472-bc47-053aa1080da7}" />
      </MissingDependency>
      <MissingDependency>
        <Required key="7" type="2" schemaName="socialprofileid" displayName="Social Profile" parentSchemaName="incident" parentDisplayName="Case" solution="msdynce_Service (9.0.5.56)" />
        <Dependent key="1" type="60" displayName="Case Main - CS" parentDisplayName="Case" id="{62a1884a-cfd4-4472-bc47-053aa1080da7}" />
      </MissingDependency>
      <MissingDependency>
        <Required key="8" type="2" schemaName="productid" displayName="Product" parentSchemaName="incident" parentDisplayName="Case" solution="msdynce_Service (9.0.5.56)" />
        <Dependent key="1" type="60" displayName="Case Main - CS" parentDisplayName="Case" id="{62a1884a-cfd4-4472-bc47-053aa1080da7}" />
      </MissingDependency>
      <MissingDependency>
        <Required key="9" type="2" schemaName="primarycontactid" displayName="Contact" parentSchemaName="incident" parentDisplayName="Case" solution="msdynce_Service (9.0.5.56)" />
        <Dependent key="1" type="60" displayName="Case Main - CS" parentDisplayName="Case" id="{62a1884a-cfd4-4472-bc47-053aa1080da7}" />
      </MissingDependency>
      <MissingDependency>
        <Required key="10" type="2" schemaName="subjectid" displayName="Subject" parentSchemaName="incident" parentDisplayName="Case" solution="msdynce_Service (9.0.5.56)" />
        <Dependent key="1" type="60" displayName="Case Main - CS" parentDisplayName="Case" id="{62a1884a-cfd4-4472-bc47-053aa1080da7}" />
      </MissingDependency>
      <MissingDependency>
        <Required key="11" type="2" schemaName="resolveby" displayName="Resolve By" parentSchemaName="incident" parentDisplayName="Case" solution="msdynce_Service (9.0.5.56)" />
        <Dependent key="1" type="60" displayName="Case Main - CS" parentDisplayName="Case" id="{62a1884a-cfd4-4472-bc47-053aa1080da7}" />
      </MissingDependency>
      <MissingDependency>
        <Required key="12" type="2" schemaName="entitlementid" displayName="Entitlement" parentSchemaName="incident" parentDisplayName="Case" solution="msdynce_Service (9.0.5.56)" />
        <Dependent key="1" type="60" displayName="Case Main - CS" parentDisplayName="Case" id="{62a1884a-cfd4-4472-bc47-053aa1080da7}" />
      </MissingDependency>
      <MissingDependency>
        <Required key="13" type="2" schemaName="statuscode" displayName="Status Reason" parentSchemaName="incident" parentDisplayName="Case" solution="msdynce_Service (9.0.5.56)" />
        <Dependent key="1" type="60" displayName="Case Main - CS" parentDisplayName="Case" id="{62a1884a-cfd4-4472-bc47-053aa1080da7}" />
      </MissingDependency>
      <MissingDependency>
        <Required key="14" type="2" schemaName="messagetypecode" displayName="Received As" parentSchemaName="incident" parentDisplayName="Case" solution="msdynce_Service (9.0.5.56)" />
        <Dependent key="1" type="60" displayName="Case Main - CS" parentDisplayName="Case" id="{62a1884a-cfd4-4472-bc47-053aa1080da7}" />
      </MissingDependency>
      <MissingDependency>
        <Required key="15" type="2" schemaName="blockedprofile" displayName="Blocked Profile" parentSchemaName="incident" parentDisplayName="Case" solution="msdynce_Service (9.0.5.56)" />
        <Dependent key="1" type="60" displayName="Case Main - CS" parentDisplayName="Case" id="{62a1884a-cfd4-4472-bc47-053aa1080da7}" />
      </MissingDependency>
      <MissingDependency>
        <Required key="16" type="2" schemaName="createdon" displayName="Created On" parentSchemaName="incident" parentDisplayName="Case" solution="msdynce_Service (9.0.5.56)" />
        <Dependent key="1" type="60" displayName="Case Main - CS" parentDisplayName="Case" id="{62a1884a-cfd4-4472-bc47-053aa1080da7}" />
      </MissingDependency>
      <MissingDependency>
        <Required key="17" type="2" schemaName="casetypecode" displayName="Case Type" parentSchemaName="incident" parentDisplayName="Case" solution="msdynce_Service (9.0.5.56)" />
        <Dependent key="1" type="60" displayName="Case Main - CS" parentDisplayName="Case" id="{62a1884a-cfd4-4472-bc47-053aa1080da7}" />
      </MissingDependency>
      <MissingDependency>
        <Required key="18" type="2" schemaName="ownerid" displayName="Owner" parentSchemaName="incident" parentDisplayName="Case" solution="msdynce_Service (9.0.5.56)" />
        <Dependent key="1" type="60" displayName="Case Main - CS" parentDisplayName="Case" id="{62a1884a-cfd4-4472-bc47-053aa1080da7}" />
      </MissingDependency>
      <MissingDependency>
        <Required key="19" type="2" schemaName="escalatedon" displayName="Escalated On" parentSchemaName="incident" parentDisplayName="Case" solution="msdynce_Service (9.0.5.56)" />
        <Dependent key="1" type="60" displayName="Case Main - CS" parentDisplayName="Case" id="{62a1884a-cfd4-4472-bc47-053aa1080da7}" />
      </MissingDependency>
      <MissingDependency>
        <Required key="20" type="2" schemaName="prioritycode" displayName="Priority" parentSchemaName="incident" parentDisplayName="Case" solution="msdynce_Service (9.0.5.56)" />
        <Dependent key="1" type="60" displayName="Case Main - CS" parentDisplayName="Case" id="{62a1884a-cfd4-4472-bc47-053aa1080da7}" />
      </MissingDependency>
      <MissingDependency>
        <Required key="21" type="2" schemaName="influencescore" displayName="Influence Score" parentSchemaName="incident" parentDisplayName="Case" solution="msdynce_Service (9.0.5.56)" />
        <Dependent key="1" type="60" displayName="Case Main - CS" parentDisplayName="Case" id="{62a1884a-cfd4-4472-bc47-053aa1080da7}" />
      </MissingDependency>
      <MissingDependency>
        <Required key="22" type="2" schemaName="followupby" displayName="Follow Up By" parentSchemaName="incident" parentDisplayName="Case" solution="msdynce_Service (9.0.5.56)" />
        <Dependent key="1" type="60" displayName="Case Main - CS" parentDisplayName="Case" id="{62a1884a-cfd4-4472-bc47-053aa1080da7}" />
      </MissingDependency>
      <MissingDependency>
        <Required key="23" type="2" schemaName="customerid" displayName="Customer" parentSchemaName="incident" parentDisplayName="Case" solution="msdynce_Service (9.0.5.56)" />
        <Dependent key="1" type="60" displayName="Case Main - CS" parentDisplayName="Case" id="{62a1884a-cfd4-4472-bc47-053aa1080da7}" />
      </MissingDependency>
      <MissingDependency>
        <Required key="24" type="2" schemaName="sentimentvalue" displayName="Sentiment Value" parentSchemaName="incident" parentDisplayName="Case" solution="msdynce_Service (9.0.5.56)" />
        <Dependent key="1" type="60" displayName="Case Main - CS" parentDisplayName="Case" id="{62a1884a-cfd4-4472-bc47-053aa1080da7}" />
      </MissingDependency>
      <MissingDependency>
        <Required key="25" type="2" schemaName="parentcaseid" displayName="Parent Case" parentSchemaName="incident" parentDisplayName="Case" solution="msdynce_Service (9.0.5.56)" />
        <Dependent key="1" type="60" displayName="Case Main - CS" parentDisplayName="Case" id="{62a1884a-cfd4-4472-bc47-053aa1080da7}" />
      </MissingDependency>
      <MissingDependency>
        <Required key="26" type="2" schemaName="msdyn_iotalert" displayName="IoT Alert" parentSchemaName="incident" parentDisplayName="Case" solution="msdyn_ConnectedCustomerService (9.0.20063.1013)" />
        <Dependent key="1" type="60" displayName="Case Main - CS" parentDisplayName="Case" id="{62a1884a-cfd4-4472-bc47-053aa1080da7}" />
      </MissingDependency>
      <MissingDependency>
        <Required key="27" type="2" schemaName="title" displayName="Case Title" parentSchemaName="incident" parentDisplayName="Case" solution="msdynce_Service (9.0.5.56)" />
        <Dependent key="1" type="60" displayName="Case Main - CS" parentDisplayName="Case" id="{62a1884a-cfd4-4472-bc47-053aa1080da7}" />
      </MissingDependency>
      <MissingDependency>
        <Required key="28" type="2" schemaName="isescalated" displayName="Is Escalated" parentSchemaName="incident" parentDisplayName="Case" solution="msdynce_Service (9.0.5.56)" />
        <Dependent key="1" type="60" displayName="Case Main - CS" parentDisplayName="Case" id="{62a1884a-cfd4-4472-bc47-053aa1080da7}" />
      </MissingDependency>
      <MissingDependency>
        <Required key="29" type="10" schemaName="msdyn_msdyn_iotalert_incident_IoTAlert" displayName="msdyn_msdyn_iotalert_incident_IoTAlert" parentSchemaName="msdyn_iotalert" parentDisplayName="IoT Alert" solution="msdyn_ConnectedCustomerService (9.0.20063.1013)" />
        <Dependent key="1" type="60" displayName="Case Main - CS" parentDisplayName="Case" id="{62a1884a-cfd4-4472-bc47-053aa1080da7}" />
      </MissingDependency>
      <MissingDependency>
        <Required key="30" type="26" schemaName="Similar Resolved Cases for Interaction Centric" displayName="Similar Resolved Cases for Interaction Centric" parentSchemaName="incident" parentDisplayName="Case" solution="msdynce_Service (9.0.5.56)" id="{bd15c679-df0b-e611-80d2-00155db1076f}" />
        <Dependent key="1" type="60" displayName="Case Main - CS" parentDisplayName="Case" id="{62a1884a-cfd4-4472-bc47-053aa1080da7}" />
      </MissingDependency>
      <MissingDependency>
        <Required key="31" type="26" schemaName="Associated Cases For Interaction Centric Form" displayName="Associated Cases For Interaction Centric Form" parentSchemaName="incident" parentDisplayName="Case" solution="msdynce_Service (9.0.5.56)" id="{65ab1a2c-1cd9-4fbe-8fd3-d52142d6b3fd}" />
        <Dependent key="1" type="60" displayName="Case Main - CS" parentDisplayName="Case" id="{62a1884a-cfd4-4472-bc47-053aa1080da7}" />
      </MissingDependency>
      <MissingDependency>
        <Required key="32" type="26" schemaName="Primary alerts" displayName="Primary alerts" parentSchemaName="msdyn_iotalert" parentDisplayName="IoT Alert" solution="IoTConnector (1.8.0.14)" id="{b96d141d-a429-e611-8107-00155db9cd0a}" />
        <Dependent key="1" type="60" displayName="Case Main - CS" parentDisplayName="Case" id="{62a1884a-cfd4-4472-bc47-053aa1080da7}" />
      </MissingDependency>
      <MissingDependency>
        <Required key="33" type="26" schemaName="Associated Knowledge Records View" displayName="Associated Knowledge Records View" parentSchemaName="knowledgearticleincident" parentDisplayName="Knowledge Article Incident" solution="msdynce_Service (9.0.5.56)" id="{4ce7d553-9bba-4d8f-b209-899af9d3937c}" />
        <Dependent key="1" type="60" displayName="Case Main - CS" parentDisplayName="Case" id="{62a1884a-cfd4-4472-bc47-053aa1080da7}" />
      </MissingDependency>
      <MissingDependency>
        <Required key="34" type="26" schemaName="Valid Entitlements for Cases" displayName="Valid Entitlements for Cases" parentSchemaName="entitlement" parentDisplayName="Entitlement" solution="msdynce_Service (9.0.5.56)" id="{e7ea283b-0490-4956-939b-3325e0798fb8}" />
        <Dependent key="1" type="60" displayName="Case Main - CS" parentDisplayName="Case" id="{62a1884a-cfd4-4472-bc47-053aa1080da7}" />
      </MissingDependency>
      <MissingDependency>
        <Required key="35" type="26" schemaName="Active Products Lookup View" displayName="Active Products Lookup View" parentSchemaName="product" parentDisplayName="Product" solution="msdynce_ProductManagement (9.0.4.0066)" id="{58afc3c5-8add-4552-98cb-473bc8f75619}" />
        <Dependent key="1" type="60" displayName="Case Main - CS" parentDisplayName="Case" id="{62a1884a-cfd4-4472-bc47-053aa1080da7}" />
      </MissingDependency>
      <MissingDependency>
        <Required key="36" type="66" schemaName="MscrmControls.Containers.SimilarCasesGridControl" displayName="MscrmControls.Containers.SimilarCasesGridControl" solution="msdynce_Service (9.0.5.56)" />
        <Dependent key="1" type="60" displayName="Case Main - CS" parentDisplayName="Case" id="{62a1884a-cfd4-4472-bc47-053aa1080da7}" />
      </MissingDependency>
      <MissingDependency>
        <Required key="0" type="1" schemaName="incident" displayName="Case" solution="msdynce_Service (9.0.5.56)" />
        <Dependent key="37" type="60" displayName="Contact Main - CS" parentDisplayName="Contact" id="{5e5c217e-0731-4b0e-8dd0-89bb98eda36f}" />
      </MissingDependency>
      <MissingDependency>
        <Required key="38" type="1" schemaName="opportunity" displayName="Opportunity" solution="msdynce_Sales (9.0.4.0076)" />
        <Dependent key="37" type="60" displayName="Contact Main - CS" parentDisplayName="Contact" id="{5e5c217e-0731-4b0e-8dd0-89bb98eda36f}" />
      </MissingDependency>
      <MissingDependency>
        <Required key="39" type="2" schemaName="originatingleadid" displayName="Originating Lead" parentSchemaName="contact" parentDisplayName="Contact" solution="msdynce_LeadManagement (9.0.4.0066)" />
        <Dependent key="37" type="60" displayName="Contact Main - CS" parentDisplayName="Contact" id="{5e5c217e-0731-4b0e-8dd0-89bb98eda36f}" />
      </MissingDependency>
      <MissingDependency>
        <Required key="40" type="26" schemaName="Active Cases" displayName="Active Cases" parentSchemaName="incident" parentDisplayName="Case" solution="msdynce_Service (9.0.5.56)" id="{00000000-0000-0000-00aa-000010001032}" />
        <Dependent key="37" type="60" displayName="Contact Main - CS" parentDisplayName="Contact" id="{5e5c217e-0731-4b0e-8dd0-89bb98eda36f}" />
      </MissingDependency>
      <MissingDependency>
        <Required key="41" type="26" schemaName="Open Opportunities" displayName="Open Opportunities" parentSchemaName="opportunity" parentDisplayName="Opportunity" solution="msdynce_Sales (9.0.4.0076)" id="{00000000-0000-0000-00aa-000010003001}" />
        <Dependent key="37" type="60" displayName="Contact Main - CS" parentDisplayName="Contact" id="{5e5c217e-0731-4b0e-8dd0-89bb98eda36f}" />
      </MissingDependency>
      <MissingDependency>
        <Required key="42" type="26" schemaName="My Active Cases" displayName="My Active Cases" parentSchemaName="incident" parentDisplayName="Case" solution="msdynce_Service (9.0.5.56)" id="{00000000-0000-0000-00aa-000010001028}" />
        <Dependent key="37" type="60" displayName="Contact Main - CS" parentDisplayName="Contact" id="{5e5c217e-0731-4b0e-8dd0-89bb98eda36f}" />
      </MissingDependency>
      <MissingDependency>
        <Required key="43" type="59" schemaName="Top Customers" displayName="Top Customers" parentSchemaName="opportunity" parentDisplayName="Opportunity" solution="msdynce_Sales (9.0.4.0076)" id="{8bc5fb18-48f2-4782-9e16-3d452fa4ddce}" />
        <Dependent key="37" type="60" displayName="Contact Main - CS" parentDisplayName="Contact" id="{5e5c217e-0731-4b0e-8dd0-89bb98eda36f}" />
      </MissingDependency>
      <MissingDependency>
        <Required key="44" type="59" schemaName="Active Cases by Agent" displayName="Active Cases by Agent" parentSchemaName="incident" parentDisplayName="Case" solution="msdynce_Service (9.0.5.56)" id="{4143b74e-4a07-4d01-9ffe-2cdcaa4208fd}" />
        <Dependent key="37" type="60" displayName="Contact Main - CS" parentDisplayName="Contact" id="{5e5c217e-0731-4b0e-8dd0-89bb98eda36f}" />
      </MissingDependency>
      <MissingDependency>
        <Required key="45" type="61" schemaName="AppCommon/Contact/Contact_main_system_library.js" displayName="AppCommon/Contact/Contact_main_system_library.js" solution="msdynce_AppCommon (9.0.4.0066)" />
        <Dependent key="37" type="60" displayName="Contact Main - CS" parentDisplayName="Contact" id="{5e5c217e-0731-4b0e-8dd0-89bb98eda36f}" />
      </MissingDependency>
      <MissingDependency>
        <Required key="0" type="1" schemaName="incident" displayName="Case" solution="msdynce_Service (9.0.5.56)" />
        <Dependent key="46" type="60" displayName="Recent Cases - CS" parentDisplayName="Account" id="{2d66a7f8-96dd-4c73-97ab-d1c12847d7ce}" />
      </MissingDependency>
      <MissingDependency>
        <Required key="47" type="26" schemaName="Recent Cases" displayName="Recent Cases" parentSchemaName="incident" parentDisplayName="Case" solution="msdynce_Service (9.0.5.56)" id="{ebd1d24a-eea7-e211-9fb6-00155dd0ea05}" />
        <Dependent key="46" type="60" displayName="Recent Cases - CS" parentDisplayName="Account" id="{2d66a7f8-96dd-4c73-97ab-d1c12847d7ce}" />
      </MissingDependency>
      <MissingDependency>
        <Required key="42" type="26" schemaName="My Active Cases" displayName="My Active Cases" parentSchemaName="incident" parentDisplayName="Case" solution="msdynce_Service (9.0.5.56)" id="{00000000-0000-0000-00aa-000010001028}" />
        <Dependent key="46" type="60" displayName="Recent Cases - CS" parentDisplayName="Account" id="{2d66a7f8-96dd-4c73-97ab-d1c12847d7ce}" />
      </MissingDependency>
      <MissingDependency>
        <Required key="44" type="59" schemaName="Active Cases by Agent" displayName="Active Cases by Agent" parentSchemaName="incident" parentDisplayName="Case" solution="msdynce_Service (9.0.5.56)" id="{4143b74e-4a07-4d01-9ffe-2cdcaa4208fd}" />
        <Dependent key="46" type="60" displayName="Recent Cases - CS" parentDisplayName="Account" id="{2d66a7f8-96dd-4c73-97ab-d1c12847d7ce}" />
      </MissingDependency>
      <MissingDependency>
        <Required key="0" type="1" schemaName="incident" displayName="Case" solution="msdynce_Service (9.0.5.56)" />
        <Dependent key="48" type="60" displayName="Recent Cases - CS" parentDisplayName="Contact" id="{5a851f9a-8513-42b1-863e-6bd306bd1369}" />
      </MissingDependency>
      <MissingDependency>
        <Required key="47" type="26" schemaName="Recent Cases" displayName="Recent Cases" parentSchemaName="incident" parentDisplayName="Case" solution="msdynce_Service (9.0.5.56)" id="{ebd1d24a-eea7-e211-9fb6-00155dd0ea05}" />
        <Dependent key="48" type="60" displayName="Recent Cases - CS" parentDisplayName="Contact" id="{5a851f9a-8513-42b1-863e-6bd306bd1369}" />
      </MissingDependency>
      <MissingDependency>
        <Required key="44" type="59" schemaName="Active Cases by Agent" displayName="Active Cases by Agent" parentSchemaName="incident" parentDisplayName="Case" solution="msdynce_Service (9.0.5.56)" id="{4143b74e-4a07-4d01-9ffe-2cdcaa4208fd}" />
        <Dependent key="48" type="60" displayName="Recent Cases - CS" parentDisplayName="Contact" id="{5a851f9a-8513-42b1-863e-6bd306bd1369}" />
      </MissingDependency>
      <MissingDependency>
        <Required key="0" type="1" schemaName="incident" displayName="Case" solution="msdynce_Service (9.0.5.56)" />
        <Dependent key="49" type="60" displayName="Account Main - CS" parentDisplayName="Account" id="{5cbdb034-141b-444a-9390-0ae80e4510ff}" />
      </MissingDependency>
      <MissingDependency>
        <Required key="38" type="1" schemaName="opportunity" displayName="Opportunity" solution="msdynce_Sales (9.0.4.0076)" />
        <Dependent key="49" type="60" displayName="Account Main - CS" parentDisplayName="Account" id="{5cbdb034-141b-444a-9390-0ae80e4510ff}" />
      </MissingDependency>
      <MissingDependency>
        <Required key="50" type="2" schemaName="originatingleadid" displayName="Originating Lead" parentSchemaName="account" parentDisplayName="Account" solution="msdynce_LeadManagement (9.0.4.0066)" />
        <Dependent key="49" type="60" displayName="Account Main - CS" parentDisplayName="Account" id="{5cbdb034-141b-444a-9390-0ae80e4510ff}" />
      </MissingDependency>
      <MissingDependency>
        <Required key="40" type="26" schemaName="Active Cases" displayName="Active Cases" parentSchemaName="incident" parentDisplayName="Case" solution="msdynce_Service (9.0.5.56)" id="{00000000-0000-0000-00aa-000010001032}" />
        <Dependent key="49" type="60" displayName="Account Main - CS" parentDisplayName="Account" id="{5cbdb034-141b-444a-9390-0ae80e4510ff}" />
      </MissingDependency>
      <MissingDependency>
        <Required key="42" type="26" schemaName="My Active Cases" displayName="My Active Cases" parentSchemaName="incident" parentDisplayName="Case" solution="msdynce_Service (9.0.5.56)" id="{00000000-0000-0000-00aa-000010001028}" />
        <Dependent key="49" type="60" displayName="Account Main - CS" parentDisplayName="Account" id="{5cbdb034-141b-444a-9390-0ae80e4510ff}" />
      </MissingDependency>
      <MissingDependency>
        <Required key="41" type="26" schemaName="Open Opportunities" displayName="Open Opportunities" parentSchemaName="opportunity" parentDisplayName="Opportunity" solution="msdynce_Sales (9.0.4.0076)" id="{00000000-0000-0000-00aa-000010003001}" />
        <Dependent key="49" type="60" displayName="Account Main - CS" parentDisplayName="Account" id="{5cbdb034-141b-444a-9390-0ae80e4510ff}" />
      </MissingDependency>
      <MissingDependency>
        <Required key="43" type="59" schemaName="Top Customers" displayName="Top Customers" parentSchemaName="opportunity" parentDisplayName="Opportunity" solution="msdynce_Sales (9.0.4.0076)" id="{8bc5fb18-48f2-4782-9e16-3d452fa4ddce}" />
        <Dependent key="49" type="60" displayName="Account Main - CS" parentDisplayName="Account" id="{5cbdb034-141b-444a-9390-0ae80e4510ff}" />
      </MissingDependency>
      <MissingDependency>
        <Required key="44" type="59" schemaName="Active Cases by Agent" displayName="Active Cases by Agent" parentSchemaName="incident" parentDisplayName="Case" solution="msdynce_Service (9.0.5.56)" id="{4143b74e-4a07-4d01-9ffe-2cdcaa4208fd}" />
        <Dependent key="49" type="60" displayName="Account Main - CS" parentDisplayName="Account" id="{5cbdb034-141b-444a-9390-0ae80e4510ff}" />
      </MissingDependency>
      <MissingDependency>
        <Required key="0" type="1" schemaName="incident" displayName="Case" solution="msdynce_Service (9.0.5.56)" />
        <Dependent key="51" type="60" displayName="Performance Dashboard - CS" id="{ec1a1862-6181-4fef-996f-53b43b3176b3}" />
      </MissingDependency>
      <MissingDependency>
        <Required key="52" type="20" displayName="Customer Service Representative" solution="msdynce_Service (9.0.5.56)" id="{5681f7b7-abb0-4bfe-b4a8-5f578630caf7}" parentId="{ecfd0b44-5720-45e3-ae68-417ddb0fb654}" />
        <Dependent key="51" type="60" displayName="Performance Dashboard - CS" id="{ec1a1862-6181-4fef-996f-53b43b3176b3}" />
      </MissingDependency>
      <MissingDependency>
        <Required key="53" type="20" displayName="CSR Manager" solution="msdynce_Service (9.0.5.56)" id="{995008b1-1e5d-45bf-9680-3fd579e2d7e8}" parentId="{1808b939-dd07-4ca7-aa99-ddd2734378f1}" />
        <Dependent key="51" type="60" displayName="Performance Dashboard - CS" id="{ec1a1862-6181-4fef-996f-53b43b3176b3}" />
      </MissingDependency>
      <MissingDependency>
        <Required key="54" type="26" schemaName="All Cases" displayName="All Cases" parentSchemaName="incident" parentDisplayName="Case" solution="msdynce_Service (9.0.5.56)" id="{00000000-0000-0000-00aa-000010001030}" />
        <Dependent key="51" type="60" displayName="Performance Dashboard - CS" id="{ec1a1862-6181-4fef-996f-53b43b3176b3}" />
      </MissingDependency>
      <MissingDependency>
        <Required key="40" type="26" schemaName="Active Cases" displayName="Active Cases" parentSchemaName="incident" parentDisplayName="Case" solution="msdynce_Service (9.0.5.56)" id="{00000000-0000-0000-00aa-000010001032}" />
        <Dependent key="51" type="60" displayName="Performance Dashboard - CS" id="{ec1a1862-6181-4fef-996f-53b43b3176b3}" />
      </MissingDependency>
      <MissingDependency>
        <Required key="55" type="59" schemaName="Case Mix (By Priority)" displayName="Case Mix (By Priority)" parentSchemaName="incident" parentDisplayName="Case" solution="msdynce_Service (9.0.5.56)" id="{dde82758-2782-de11-9ff3-00155da3b012}" />
        <Dependent key="51" type="60" displayName="Performance Dashboard - CS" id="{ec1a1862-6181-4fef-996f-53b43b3176b3}" />
      </MissingDependency>
      <MissingDependency>
        <Required key="56" type="59" schemaName="Case Mix by Incident Type" displayName="Case Mix by Incident Type" parentSchemaName="incident" parentDisplayName="Case" solution="msdynce_Service (9.0.5.56)" id="{d5666449-b4bc-4134-b5f8-bd67b130315b}" />
        <Dependent key="51" type="60" displayName="Performance Dashboard - CS" id="{ec1a1862-6181-4fef-996f-53b43b3176b3}" />
      </MissingDependency>
      <MissingDependency>
        <Required key="57" type="59" schemaName="Case Mix (By Origin)" displayName="Case Mix (By Origin)" parentSchemaName="incident" parentDisplayName="Case" solution="msdynce_Service (9.0.5.56)" id="{99782da3-a382-de11-9ff3-00155da3b012}" />
        <Dependent key="51" type="60" displayName="Performance Dashboard - CS" id="{ec1a1862-6181-4fef-996f-53b43b3176b3}" />
      </MissingDependency>
      <MissingDependency>
        <Required key="58" type="59" schemaName="Cases by Priority (Per Owner)" displayName="Cases by Priority (Per Owner)" parentSchemaName="incident" parentDisplayName="Case" solution="msdynce_Service (9.0.5.56)" id="{9ae7aaac-d568-df11-986c-00155d2e3002}" />
        <Dependent key="51" type="60" displayName="Performance Dashboard - CS" id="{ec1a1862-6181-4fef-996f-53b43b3176b3}" />
      </MissingDependency>
      <MissingDependency>
        <Required key="44" type="59" schemaName="Active Cases by Agent" displayName="Active Cases by Agent" parentSchemaName="incident" parentDisplayName="Case" solution="msdynce_Service (9.0.5.56)" id="{4143b74e-4a07-4d01-9ffe-2cdcaa4208fd}" />
        <Dependent key="51" type="60" displayName="Performance Dashboard - CS" id="{ec1a1862-6181-4fef-996f-53b43b3176b3}" />
      </MissingDependency>
      <MissingDependency>
        <Required key="59" type="2" schemaName="territoryid" displayName="Territory" parentSchemaName="systemuser" parentDisplayName="User" solution="msdynce_AppCommon (9.0.4.0066)" />
        <Dependent key="60" type="60" displayName="User - CS" parentDisplayName="User" id="{90b6659e-8dc8-ea11-a812-000d3a2c81cd}" />
      </MissingDependency>
      <MissingDependency>
        <Required key="61" type="2" schemaName="siteid" displayName="Site" parentSchemaName="systemuser" parentDisplayName="User" solution="msdynce_Service (9.0.5.56)" />
        <Dependent key="60" type="60" displayName="User - CS" parentDisplayName="User" id="{90b6659e-8dc8-ea11-a812-000d3a2c81cd}" />
      </MissingDependency>
      <MissingDependency>
        <Required key="62" type="61" schemaName="msdyn_/FollowAttachments/Scripts/Email_Engagement_Attachments.js" displayName="msdyn_/FollowAttachments/Scripts/Email_Engagement_Attachments.js" solution="EmailEngagement (9.0.1.7018)" />
        <Dependent key="63" type="60" displayName="Email - CS" parentDisplayName="Email" id="{d9bd582e-9715-47b8-a11e-89df960b6830}" />
      </MissingDependency>
      <MissingDependency>
        <Required key="0" type="1" schemaName="incident" displayName="Case" solution="msdynce_Service (9.0.5.56)" />
        <Dependent key="64" type="26" schemaName="Active Cases - CS" displayName="Active Cases - CS" parentSchemaName="incident" parentDisplayName="Case" id="{781d35d2-16c9-ea11-a812-000d3a2c81cd}" />
      </MissingDependency>
      <MissingDependency>
        <Required key="23" type="2" schemaName="customerid" displayName="Customer" parentSchemaName="incident" parentDisplayName="Case" solution="msdynce_Service (9.0.5.56)" />
        <Dependent key="64" type="26" schemaName="Active Cases - CS" displayName="Active Cases - CS" parentSchemaName="incident" parentDisplayName="Case" id="{781d35d2-16c9-ea11-a812-000d3a2c81cd}" />
      </MissingDependency>
      <MissingDependency>
        <Required key="20" type="2" schemaName="prioritycode" displayName="Priority" parentSchemaName="incident" parentDisplayName="Case" solution="msdynce_Service (9.0.5.56)" />
        <Dependent key="64" type="26" schemaName="Active Cases - CS" displayName="Active Cases - CS" parentSchemaName="incident" parentDisplayName="Case" id="{781d35d2-16c9-ea11-a812-000d3a2c81cd}" />
      </MissingDependency>
      <MissingDependency>
        <Required key="13" type="2" schemaName="statuscode" displayName="Status Reason" parentSchemaName="incident" parentDisplayName="Case" solution="msdynce_Service (9.0.5.56)" />
        <Dependent key="64" type="26" schemaName="Active Cases - CS" displayName="Active Cases - CS" parentSchemaName="incident" parentDisplayName="Case" id="{781d35d2-16c9-ea11-a812-000d3a2c81cd}" />
      </MissingDependency>
      <MissingDependency>
        <Required key="27" type="2" schemaName="title" displayName="Case Title" parentSchemaName="incident" parentDisplayName="Case" solution="msdynce_Service (9.0.5.56)" />
        <Dependent key="64" type="26" schemaName="Active Cases - CS" displayName="Active Cases - CS" parentSchemaName="incident" parentDisplayName="Case" id="{781d35d2-16c9-ea11-a812-000d3a2c81cd}" />
      </MissingDependency>
      <MissingDependency>
        <Required key="18" type="2" schemaName="ownerid" displayName="Owner" parentSchemaName="incident" parentDisplayName="Case" solution="msdynce_Service (9.0.5.56)" />
        <Dependent key="64" type="26" schemaName="Active Cases - CS" displayName="Active Cases - CS" parentSchemaName="incident" parentDisplayName="Case" id="{781d35d2-16c9-ea11-a812-000d3a2c81cd}" />
      </MissingDependency>
      <MissingDependency>
        <Required key="16" type="2" schemaName="createdon" displayName="Created On" parentSchemaName="incident" parentDisplayName="Case" solution="msdynce_Service (9.0.5.56)" />
        <Dependent key="64" type="26" schemaName="Active Cases - CS" displayName="Active Cases - CS" parentSchemaName="incident" parentDisplayName="Case" id="{781d35d2-16c9-ea11-a812-000d3a2c81cd}" />
      </MissingDependency>
      <MissingDependency>
        <Required key="65" type="2" schemaName="statecode" displayName="Status" parentSchemaName="incident" parentDisplayName="Case" solution="msdynce_Service (9.0.5.56)" />
        <Dependent key="64" type="26" schemaName="Active Cases - CS" displayName="Active Cases - CS" parentSchemaName="incident" parentDisplayName="Case" id="{781d35d2-16c9-ea11-a812-000d3a2c81cd}" />
      </MissingDependency>
      <MissingDependency>
        <Required key="66" type="2" schemaName="incidentid" displayName="Case" parentSchemaName="incident" parentDisplayName="Case" solution="msdynce_Service (9.0.5.56)" />
        <Dependent key="64" type="26" schemaName="Active Cases - CS" displayName="Active Cases - CS" parentSchemaName="incident" parentDisplayName="Case" id="{781d35d2-16c9-ea11-a812-000d3a2c81cd}" />
      </MissingDependency>
      <MissingDependency>
        <Required key="5" type="2" schemaName="caseorigincode" displayName="Origin" parentSchemaName="incident" parentDisplayName="Case" solution="msdynce_Service (9.0.5.56)" />
        <Dependent key="64" type="26" schemaName="Active Cases - CS" displayName="Active Cases - CS" parentSchemaName="incident" parentDisplayName="Case" id="{781d35d2-16c9-ea11-a812-000d3a2c81cd}" />
      </MissingDependency>
      <MissingDependency>
        <Required key="9" type="2" schemaName="primarycontactid" displayName="Contact" parentSchemaName="incident" parentDisplayName="Case" solution="msdynce_Service (9.0.5.56)" />
        <Dependent key="64" type="26" schemaName="Active Cases - CS" displayName="Active Cases - CS" parentSchemaName="incident" parentDisplayName="Case" id="{781d35d2-16c9-ea11-a812-000d3a2c81cd}" />
      </MissingDependency>
      <MissingDependency>
        <Required key="0" type="1" schemaName="incident" displayName="Case" solution="msdynce_Service (9.0.5.56)" />
        <Dependent key="67" type="26" schemaName="Active Cases Team - CS" displayName="Active Cases Team - CS" parentSchemaName="incident" parentDisplayName="Case" id="{44c6b675-16c9-ea11-a812-000d3a2c81cd}" />
      </MissingDependency>
      <MissingDependency>
        <Required key="65" type="2" schemaName="statecode" displayName="Status" parentSchemaName="incident" parentDisplayName="Case" solution="msdynce_Service (9.0.5.56)" />
        <Dependent key="67" type="26" schemaName="Active Cases Team - CS" displayName="Active Cases Team - CS" parentSchemaName="incident" parentDisplayName="Case" id="{44c6b675-16c9-ea11-a812-000d3a2c81cd}" />
      </MissingDependency>
      <MissingDependency>
        <Required key="16" type="2" schemaName="createdon" displayName="Created On" parentSchemaName="incident" parentDisplayName="Case" solution="msdynce_Service (9.0.5.56)" />
        <Dependent key="67" type="26" schemaName="Active Cases Team - CS" displayName="Active Cases Team - CS" parentSchemaName="incident" parentDisplayName="Case" id="{44c6b675-16c9-ea11-a812-000d3a2c81cd}" />
      </MissingDependency>
      <MissingDependency>
        <Required key="13" type="2" schemaName="statuscode" displayName="Status Reason" parentSchemaName="incident" parentDisplayName="Case" solution="msdynce_Service (9.0.5.56)" />
        <Dependent key="67" type="26" schemaName="Active Cases Team - CS" displayName="Active Cases Team - CS" parentSchemaName="incident" parentDisplayName="Case" id="{44c6b675-16c9-ea11-a812-000d3a2c81cd}" />
      </MissingDependency>
      <MissingDependency>
        <Required key="27" type="2" schemaName="title" displayName="Case Title" parentSchemaName="incident" parentDisplayName="Case" solution="msdynce_Service (9.0.5.56)" />
        <Dependent key="67" type="26" schemaName="Active Cases Team - CS" displayName="Active Cases Team - CS" parentSchemaName="incident" parentDisplayName="Case" id="{44c6b675-16c9-ea11-a812-000d3a2c81cd}" />
      </MissingDependency>
      <MissingDependency>
        <Required key="20" type="2" schemaName="prioritycode" displayName="Priority" parentSchemaName="incident" parentDisplayName="Case" solution="msdynce_Service (9.0.5.56)" />
        <Dependent key="67" type="26" schemaName="Active Cases Team - CS" displayName="Active Cases Team - CS" parentSchemaName="incident" parentDisplayName="Case" id="{44c6b675-16c9-ea11-a812-000d3a2c81cd}" />
      </MissingDependency>
      <MissingDependency>
        <Required key="66" type="2" schemaName="incidentid" displayName="Case" parentSchemaName="incident" parentDisplayName="Case" solution="msdynce_Service (9.0.5.56)" />
        <Dependent key="67" type="26" schemaName="Active Cases Team - CS" displayName="Active Cases Team - CS" parentSchemaName="incident" parentDisplayName="Case" id="{44c6b675-16c9-ea11-a812-000d3a2c81cd}" />
      </MissingDependency>
      <MissingDependency>
        <Required key="23" type="2" schemaName="customerid" displayName="Customer" parentSchemaName="incident" parentDisplayName="Case" solution="msdynce_Service (9.0.5.56)" />
        <Dependent key="67" type="26" schemaName="Active Cases Team - CS" displayName="Active Cases Team - CS" parentSchemaName="incident" parentDisplayName="Case" id="{44c6b675-16c9-ea11-a812-000d3a2c81cd}" />
      </MissingDependency>
      <MissingDependency>
        <Required key="5" type="2" schemaName="caseorigincode" displayName="Origin" parentSchemaName="incident" parentDisplayName="Case" solution="msdynce_Service (9.0.5.56)" />
        <Dependent key="67" type="26" schemaName="Active Cases Team - CS" displayName="Active Cases Team - CS" parentSchemaName="incident" parentDisplayName="Case" id="{44c6b675-16c9-ea11-a812-000d3a2c81cd}" />
      </MissingDependency>
      <MissingDependency>
        <Required key="18" type="2" schemaName="ownerid" displayName="Owner" parentSchemaName="incident" parentDisplayName="Case" solution="msdynce_Service (9.0.5.56)" />
        <Dependent key="67" type="26" schemaName="Active Cases Team - CS" displayName="Active Cases Team - CS" parentSchemaName="incident" parentDisplayName="Case" id="{44c6b675-16c9-ea11-a812-000d3a2c81cd}" />
      </MissingDependency>
      <MissingDependency>
        <Required key="9" type="2" schemaName="primarycontactid" displayName="Contact" parentSchemaName="incident" parentDisplayName="Case" solution="msdynce_Service (9.0.5.56)" />
        <Dependent key="67" type="26" schemaName="Active Cases Team - CS" displayName="Active Cases Team - CS" parentSchemaName="incident" parentDisplayName="Case" id="{44c6b675-16c9-ea11-a812-000d3a2c81cd}" />
      </MissingDependency>
      <MissingDependency>
        <Required key="68" type="2" schemaName="owningteam" displayName="Owning Team" parentSchemaName="incident" parentDisplayName="Case" solution="msdynce_Service (9.0.5.56)" />
        <Dependent key="67" type="26" schemaName="Active Cases Team - CS" displayName="Active Cases Team - CS" parentSchemaName="incident" parentDisplayName="Case" id="{44c6b675-16c9-ea11-a812-000d3a2c81cd}" />
      </MissingDependency>
      <MissingDependency>
        <Required key="0" type="1" schemaName="incident" displayName="Case" solution="msdynce_Service (9.0.5.56)" />
        <Dependent key="69" type="26" schemaName="My Active Cases - CS" displayName="My Active Cases - CS" parentSchemaName="incident" parentDisplayName="Case" id="{34646c7b-4fc9-ea11-a812-000d3a2c81cd}" />
      </MissingDependency>
      <MissingDependency>
        <Required key="9" type="2" schemaName="primarycontactid" displayName="Contact" parentSchemaName="incident" parentDisplayName="Case" solution="msdynce_Service (9.0.5.56)" />
        <Dependent key="69" type="26" schemaName="My Active Cases - CS" displayName="My Active Cases - CS" parentSchemaName="incident" parentDisplayName="Case" id="{34646c7b-4fc9-ea11-a812-000d3a2c81cd}" />
      </MissingDependency>
      <MissingDependency>
        <Required key="13" type="2" schemaName="statuscode" displayName="Status Reason" parentSchemaName="incident" parentDisplayName="Case" solution="msdynce_Service (9.0.5.56)" />
        <Dependent key="69" type="26" schemaName="My Active Cases - CS" displayName="My Active Cases - CS" parentSchemaName="incident" parentDisplayName="Case" id="{34646c7b-4fc9-ea11-a812-000d3a2c81cd}" />
      </MissingDependency>
      <MissingDependency>
        <Required key="5" type="2" schemaName="caseorigincode" displayName="Origin" parentSchemaName="incident" parentDisplayName="Case" solution="msdynce_Service (9.0.5.56)" />
        <Dependent key="69" type="26" schemaName="My Active Cases - CS" displayName="My Active Cases - CS" parentSchemaName="incident" parentDisplayName="Case" id="{34646c7b-4fc9-ea11-a812-000d3a2c81cd}" />
      </MissingDependency>
      <MissingDependency>
        <Required key="18" type="2" schemaName="ownerid" displayName="Owner" parentSchemaName="incident" parentDisplayName="Case" solution="msdynce_Service (9.0.5.56)" />
        <Dependent key="69" type="26" schemaName="My Active Cases - CS" displayName="My Active Cases - CS" parentSchemaName="incident" parentDisplayName="Case" id="{34646c7b-4fc9-ea11-a812-000d3a2c81cd}" />
      </MissingDependency>
      <MissingDependency>
        <Required key="65" type="2" schemaName="statecode" displayName="Status" parentSchemaName="incident" parentDisplayName="Case" solution="msdynce_Service (9.0.5.56)" />
        <Dependent key="69" type="26" schemaName="My Active Cases - CS" displayName="My Active Cases - CS" parentSchemaName="incident" parentDisplayName="Case" id="{34646c7b-4fc9-ea11-a812-000d3a2c81cd}" />
      </MissingDependency>
      <MissingDependency>
        <Required key="16" type="2" schemaName="createdon" displayName="Created On" parentSchemaName="incident" parentDisplayName="Case" solution="msdynce_Service (9.0.5.56)" />
        <Dependent key="69" type="26" schemaName="My Active Cases - CS" displayName="My Active Cases - CS" parentSchemaName="incident" parentDisplayName="Case" id="{34646c7b-4fc9-ea11-a812-000d3a2c81cd}" />
      </MissingDependency>
      <MissingDependency>
        <Required key="23" type="2" schemaName="customerid" displayName="Customer" parentSchemaName="incident" parentDisplayName="Case" solution="msdynce_Service (9.0.5.56)" />
        <Dependent key="69" type="26" schemaName="My Active Cases - CS" displayName="My Active Cases - CS" parentSchemaName="incident" parentDisplayName="Case" id="{34646c7b-4fc9-ea11-a812-000d3a2c81cd}" />
      </MissingDependency>
      <MissingDependency>
        <Required key="20" type="2" schemaName="prioritycode" displayName="Priority" parentSchemaName="incident" parentDisplayName="Case" solution="msdynce_Service (9.0.5.56)" />
        <Dependent key="69" type="26" schemaName="My Active Cases - CS" displayName="My Active Cases - CS" parentSchemaName="incident" parentDisplayName="Case" id="{34646c7b-4fc9-ea11-a812-000d3a2c81cd}" />
      </MissingDependency>
      <MissingDependency>
        <Required key="66" type="2" schemaName="incidentid" displayName="Case" parentSchemaName="incident" parentDisplayName="Case" solution="msdynce_Service (9.0.5.56)" />
        <Dependent key="69" type="26" schemaName="My Active Cases - CS" displayName="My Active Cases - CS" parentSchemaName="incident" parentDisplayName="Case" id="{34646c7b-4fc9-ea11-a812-000d3a2c81cd}" />
      </MissingDependency>
      <MissingDependency>
        <Required key="27" type="2" schemaName="title" displayName="Case Title" parentSchemaName="incident" parentDisplayName="Case" solution="msdynce_Service (9.0.5.56)" />
        <Dependent key="69" type="26" schemaName="My Active Cases - CS" displayName="My Active Cases - CS" parentSchemaName="incident" parentDisplayName="Case" id="{34646c7b-4fc9-ea11-a812-000d3a2c81cd}" />
      </MissingDependency>
      <MissingDependency>
        <Required key="0" type="1" schemaName="incident" displayName="Case" solution="msdynce_Service (9.0.5.56)" />
        <Dependent key="70" type="2" schemaName="cs_lastactivitydate" displayName="Last Activity Date" parentSchemaName="incident" parentDisplayName="Case" />
      </MissingDependency>
      <MissingDependency>
        <Required key="71" type="2" schemaName="ticketnumber" displayName="Case Number" parentSchemaName="incident" parentDisplayName="Case" solution="msdynce_Service (9.0.5.56)" />
        <Dependent key="71" type="2" schemaName="ticketnumber" displayName="Case Number" parentSchemaName="incident" parentDisplayName="Case" />
      </MissingDependency>
      <MissingDependency>
        <Required key="0" type="1" schemaName="incident" displayName="Case" solution="msdynce_Service (9.0.5.56)" />
        <Dependent key="72" type="29" displayName="Create Case" id="{215c4207-5a17-488e-b438-8868442a068b}" />
      </MissingDependency>
      <MissingDependency>
        <Required key="23" type="2" schemaName="customerid" displayName="Customer" parentSchemaName="incident" parentDisplayName="Case" solution="msdynce_Service (9.0.5.56)" />
        <Dependent key="72" type="29" displayName="Create Case" id="{215c4207-5a17-488e-b438-8868442a068b}" />
      </MissingDependency>
      <MissingDependency>
        <Required key="66" type="2" schemaName="incidentid" displayName="Case" parentSchemaName="incident" parentDisplayName="Case" solution="msdynce_Service (9.0.5.56)" />
        <Dependent key="72" type="29" displayName="Create Case" id="{215c4207-5a17-488e-b438-8868442a068b}" />
      </MissingDependency>
      <MissingDependency>
        <Required key="73" type="2" schemaName="firstresponseslastatus" displayName="First Response SLA Status" parentSchemaName="incident" parentDisplayName="Case" solution="msdynce_Service (9.0.5.56)" />
        <Dependent key="72" type="29" displayName="Create Case" id="{215c4207-5a17-488e-b438-8868442a068b}" />
      </MissingDependency>
      <MissingDependency>
        <Required key="74" type="2" schemaName="decremententitlementterm" displayName="Decrement Entitlement Terms" parentSchemaName="incident" parentDisplayName="Case" solution="msdynce_Service (9.0.5.56)" />
        <Dependent key="72" type="29" displayName="Create Case" id="{215c4207-5a17-488e-b438-8868442a068b}" />
      </MissingDependency>
      <MissingDependency>
        <Required key="75" type="2" schemaName="routecase" displayName="Route Case" parentSchemaName="incident" parentDisplayName="Case" solution="msdynce_Service (9.0.5.56)" />
        <Dependent key="72" type="29" displayName="Create Case" id="{215c4207-5a17-488e-b438-8868442a068b}" />
      </MissingDependency>
      <MissingDependency>
        <Required key="28" type="2" schemaName="isescalated" displayName="Is Escalated" parentSchemaName="incident" parentDisplayName="Case" solution="msdynce_Service (9.0.5.56)" />
        <Dependent key="72" type="29" displayName="Create Case" id="{215c4207-5a17-488e-b438-8868442a068b}" />
      </MissingDependency>
      <MissingDependency>
        <Required key="4" type="2" schemaName="firstresponsesent" displayName="First Response Sent" parentSchemaName="incident" parentDisplayName="Case" solution="msdynce_Service (9.0.5.56)" />
        <Dependent key="72" type="29" displayName="Create Case" id="{215c4207-5a17-488e-b438-8868442a068b}" />
      </MissingDependency>
      <MissingDependency>
        <Required key="76" type="2" schemaName="resolvebyslastatus" displayName="Resolve By SLA Status" parentSchemaName="incident" parentDisplayName="Case" solution="msdynce_Service (9.0.5.56)" />
        <Dependent key="72" type="29" displayName="Create Case" id="{215c4207-5a17-488e-b438-8868442a068b}" />
      </MissingDependency>
      <MissingDependency>
        <Required key="77" type="2" schemaName="activitiescomplete" displayName="Activities Complete" parentSchemaName="incident" parentDisplayName="Case" solution="msdynce_Service (9.0.5.56)" />
        <Dependent key="72" type="29" displayName="Create Case" id="{215c4207-5a17-488e-b438-8868442a068b}" />
      </MissingDependency>
      <MissingDependency>
        <Required key="78" type="2" schemaName="isdecrementing" displayName="Decrementing" parentSchemaName="incident" parentDisplayName="Case" solution="msdynce_Service (9.0.5.56)" />
        <Dependent key="72" type="29" displayName="Create Case" id="{215c4207-5a17-488e-b438-8868442a068b}" />
      </MissingDependency>
      <MissingDependency>
        <Required key="79" type="2" schemaName="incidentstagecode" displayName="Case Stage" parentSchemaName="incident" parentDisplayName="Case" solution="msdynce_Service (9.0.5.56)" />
        <Dependent key="72" type="29" displayName="Create Case" id="{215c4207-5a17-488e-b438-8868442a068b}" />
      </MissingDependency>
      <MissingDependency>
        <Required key="15" type="2" schemaName="blockedprofile" displayName="Blocked Profile" parentSchemaName="incident" parentDisplayName="Case" solution="msdynce_Service (9.0.5.56)" />
        <Dependent key="72" type="29" displayName="Create Case" id="{215c4207-5a17-488e-b438-8868442a068b}" />
      </MissingDependency>
      <MissingDependency>
        <Required key="20" type="2" schemaName="prioritycode" displayName="Priority" parentSchemaName="incident" parentDisplayName="Case" solution="msdynce_Service (9.0.5.56)" />
        <Dependent key="72" type="29" displayName="Create Case" id="{215c4207-5a17-488e-b438-8868442a068b}" />
      </MissingDependency>
      <MissingDependency>
        <Required key="9" type="2" schemaName="primarycontactid" displayName="Contact" parentSchemaName="incident" parentDisplayName="Case" solution="msdynce_Service (9.0.5.56)" />
        <Dependent key="72" type="29" displayName="Create Case" id="{215c4207-5a17-488e-b438-8868442a068b}" />
      </MissingDependency>
      <MissingDependency>
        <Required key="80" type="2" schemaName="severitycode" displayName="Severity" parentSchemaName="incident" parentDisplayName="Case" solution="msdynce_Service (9.0.5.56)" />
        <Dependent key="72" type="29" displayName="Create Case" id="{215c4207-5a17-488e-b438-8868442a068b}" />
      </MissingDependency>
      <MissingDependency>
        <Required key="18" type="2" schemaName="ownerid" displayName="Owner" parentSchemaName="incident" parentDisplayName="Case" solution="msdynce_Service (9.0.5.56)" />
        <Dependent key="72" type="29" displayName="Create Case" id="{215c4207-5a17-488e-b438-8868442a068b}" />
      </MissingDependency>
      <MissingDependency>
        <Required key="81" type="2" schemaName="checkemail" displayName="Check Email" parentSchemaName="incident" parentDisplayName="Case" solution="msdynce_Service (9.0.5.56)" />
        <Dependent key="72" type="29" displayName="Create Case" id="{215c4207-5a17-488e-b438-8868442a068b}" />
      </MissingDependency>
      <MissingDependency>
        <Required key="82" type="2" schemaName="followuptaskcreated" displayName="Follow up Task Created" parentSchemaName="incident" parentDisplayName="Case" solution="msdynce_Service (9.0.5.56)" />
        <Dependent key="72" type="29" displayName="Create Case" id="{215c4207-5a17-488e-b438-8868442a068b}" />
      </MissingDependency>
      <MissingDependency>
        <Required key="27" type="2" schemaName="title" displayName="Case Title" parentSchemaName="incident" parentDisplayName="Case" solution="msdynce_Service (9.0.5.56)" />
        <Dependent key="72" type="29" displayName="Create Case" id="{215c4207-5a17-488e-b438-8868442a068b}" />
      </MissingDependency>
      <MissingDependency>
        <Required key="5" type="2" schemaName="caseorigincode" displayName="Origin" parentSchemaName="incident" parentDisplayName="Case" solution="msdynce_Service (9.0.5.56)" />
        <Dependent key="72" type="29" displayName="Create Case" id="{215c4207-5a17-488e-b438-8868442a068b}" />
      </MissingDependency>
      <MissingDependency>
        <Required key="0" type="1" schemaName="incident" displayName="Case" solution="msdynce_Service (9.0.5.56)" />
        <Dependent key="83" type="29" displayName="Case - New email received on case" id="{6df65aef-6879-4cd2-aaad-563642ca407a}" />
      </MissingDependency>
      <MissingDependency>
        <Required key="18" type="2" schemaName="ownerid" displayName="Owner" parentSchemaName="incident" parentDisplayName="Case" solution="msdynce_Service (9.0.5.56)" />
        <Dependent key="83" type="29" displayName="Case - New email received on case" id="{6df65aef-6879-4cd2-aaad-563642ca407a}" />
      </MissingDependency>
      <MissingDependency>
        <Required key="66" type="2" schemaName="incidentid" displayName="Case" parentSchemaName="incident" parentDisplayName="Case" solution="msdynce_Service (9.0.5.56)" />
        <Dependent key="83" type="29" displayName="Case - New email received on case" id="{6df65aef-6879-4cd2-aaad-563642ca407a}" />
      </MissingDependency>
      <MissingDependency>
        <Required key="27" type="2" schemaName="title" displayName="Case Title" parentSchemaName="incident" parentDisplayName="Case" solution="msdynce_Service (9.0.5.56)" />
        <Dependent key="83" type="29" displayName="Case - New email received on case" id="{6df65aef-6879-4cd2-aaad-563642ca407a}" />
      </MissingDependency>
      <MissingDependency>
        <Required key="65" type="2" schemaName="statecode" displayName="Status" parentSchemaName="incident" parentDisplayName="Case" solution="msdynce_Service (9.0.5.56)" />
        <Dependent key="83" type="29" displayName="Case - New email received on case" id="{6df65aef-6879-4cd2-aaad-563642ca407a}" />
      </MissingDependency>
      <MissingDependency>
        <Required key="0" type="1" schemaName="incident" displayName="Case" solution="msdynce_Service (9.0.5.56)" />
        <Dependent key="84" type="80" schemaName="cs_CustomerService" displayName="CS" />
      </MissingDependency>
      <MissingDependency>
        <Required key="85" type="60" displayName="Record Creation and Update Rule - UCI" parentDisplayName="Record Creation and Update Rule" solution="AutomaticRecordCreation (9.1.20054.1007)" id="{2c8955c5-133b-423f-bb72-01880111bbfd}" />
        <Dependent key="84" type="80" schemaName="cs_CustomerService" displayName="CS" />
      </MissingDependency>
      <MissingDependency>
        <Required key="86" type="61" schemaName="msdyn_/Images/AppModule_Default_Icon.png" displayName="msdyn_/Images/AppModule_Default_Icon.png" solution="AppModuleWebResources (2.5)" />
        <Dependent key="84" type="80" schemaName="cs_CustomerService" displayName="CS" />
      </MissingDependency>
      <MissingDependency>
        <Required key="0" type="1" schemaName="incident" displayName="Case" solution="msdynce_Service (9.0.5.56)" />
        <Dependent key="87" type="62" schemaName="cs_CustomerService" />
      </MissingDependency>
      <MissingDependency>
        <Required key="0" type="1" schemaName="incident" displayName="Case" solution="msdynce_Service (9.0.5.56)" />
        <Dependent key="88" type="36" displayName="CS - Case Auto Response" id="{558b4792-04c9-ea11-a812-000d3a2c81cd}" />
      </MissingDependency>
      <MissingDependency>
        <Required key="27" type="2" schemaName="title" displayName="Case Title" parentSchemaName="incident" parentDisplayName="Case" solution="msdynce_Service (9.0.5.56)" />
        <Dependent key="88" type="36" displayName="CS - Case Auto Response" id="{558b4792-04c9-ea11-a812-000d3a2c81cd}" />
      </MissingDependency>
      <MissingDependency>
        <Required key="66" type="2" schemaName="incidentid" displayName="Case" parentSchemaName="incident" parentDisplayName="Case" solution="msdynce_Service (9.0.5.56)" />
        <Dependent key="88" type="36" displayName="CS - Case Auto Response" id="{558b4792-04c9-ea11-a812-000d3a2c81cd}" />
      </MissingDependency>
      <MissingDependency>
        <Required key="0" type="1" schemaName="incident" displayName="Case" solution="msdynce_Service (9.0.5.56)" />
        <Dependent key="0" type="1" schemaName="incident" displayName="Case" />
      </MissingDependency>
    </MissingDependencies>
  </SolutionManifest>
</ImportExportXml>